Folder	H2O_mol	Frequencies	ONIOM_grain_TPD_dlpno	ONIOM_complex_dlpno	BE_Hartree_dlpno	BE_kJ/mol_dlpno	BH(0)_dlpno	BH(0)_kJ/mol_dlpno	BH(0)_Kelvin_dlpno	ONIOM_grain_TPD_b973c	ONIOM_complex_b973c	BE_Hartree_b973c	BE_kJ/mol_b973c	BH(0)_b973c	BH(0)_kJ/mol_b973c	BH(0)_Kelvin_b973c	ZPE_grain_TPD_b973c_gfn2	ZPE_complex_b973c_gfn2	ΔZPE	ΔZPE_kj/mol	BSSE	BSSE_kj/mol	ΔZPE_BSSE_kj/mol	Complex_Dispersion	Grain_Dispersion	Total_dispersion	Total_dispersion_kjmol	mol_at_complex_DLPNO	grain_at_complex_DLPNO	Deformation	Deformation_kjmol	BE_electronic_kjmol_dlpno	Complex_CC_correction	Grain_CC_correction	Total_CC_correction	Total_CC_correction_kjmol	BE_corrected_for_TPD
4	24	Real	-1588.559641260134	-1987.512968729148	0.012541348042987	32.927309286862396	0.006812338042987	17.88579353186242	2151.16827223235	-1589.014335365774	-1988.359691499268	0.0154758443718492	40.631829398290165	0.0119356343718492	31.33700804329019	3768.978845099996	0.20660104	0.22495671	0.0035402099999999	9.294821354999971	0.0021888	5.746694400000002	15.041515754999976	-0.032144517	-0.023827058	0.0062767129999999	16.47950998149999	-398.940633507865	-1588.556783531236	0.0030103420038471	7.902147760098899	40.829457046961295	-2.526840199	-2.287962097	0.0116857940000003	30.681052147000944	27.180614886862394
271	27	Real	-1659.825561764902	-2058.779651802952	0.0133039170787014	34.92943429013076	0.0076202270787014	20.00690619513078	2406.279696554938	-1660.338534159952	-2059.683375914272	0.0149614651982119	39.281326877905485	0.0116889751982119	30.689404382905508	3691.0899639206777	0.23253039	0.25061834	0.0032724899999999	8.591922494999976	0.0024112	6.330605600000003	14.922528094999976	-0.03893311	-0.02960934	0.0072830239999999	19.121579511999997	-398.940694300986	-1659.823897203335	0.0017563815518997	4.610501573736769	39.53993586386753	-2.819937313	-2.580436912	0.0123080930000001	32.314898171500346	28.598828690130752
28	18	Real	-1446.010943435139	-1844.962662108164	0.0109325520541005	28.70341541804112	0.0056823520541005	14.9190153180411	1794.346577239987	-1446.353268215409	-1845.697638319577	0.0144898150460903	38.04300940351027	0.0110332150460903	28.967706103510253	3484.0170875400872	0.15436879	0.17264085	0.0034566	9.075303300000016	0.0017936	4.709096800000002	13.78440010000002	-0.022620474	-0.015483084	0.005096644	13.381238822000002	-398.940417201943	-1446.01029443276	0.0010179214070831	2.6720436935931957	31.375459111634317	-1.951732216	-1.713925047	0.0106148609999998	27.869317555499645	23.99431861804112
150	24	Real	-1588.55613111783	-1987.508390993736	0.0114737549349683	30.12434358175949	0.0064321449349684	16.887596526759545	2031.112669276328	-1589.011472986868	-1988.355097550817	0.0137442748268767	36.08559355796501	0.0107314648268768	28.175460902965067	3388.731813436641	0.20663933	0.2244676	0.0030128099999999	7.910132654999944	0.0020288	5.326614400000003	13.236747054999944	-0.033356664	-0.025253204	0.006062714	15.917655607	-398.940543444631	-1588.553694708882	0.0026790852881504	7.032598881394847	37.15694246315434	-2.528042627	-2.289347347	0.0115029720000001	30.20105298600044	24.797729181759486
63	15	Real	-1374.739126188756	-1773.690130636372	0.0102183266449173	26.828216606230622	0.0043026766449173	11.296677531230625	1358.6791239389283	-1375.024346584644	-1774.368942328461	0.0147154546948513	38.635426301332245	0.0106654046948513	28.002020026332243	3367.871653653624	0.12849174	0.14735725	0.00405005	10.633406275000004	0.0018656	4.898132800000002	15.531539075000005	-0.018691325	-0.010995694	0.005654885	14.846900567500004	-398.940553604646	-1374.737684711467	0.0016739936140197	4.394233236801881	31.222449843032503	-1.65718652	-1.418099553	0.0118946589999999	31.22942720449993	21.93008380623062
115	18	Real	-1446.012159421556	-1844.962406687694	0.009461145167279	24.84023663669109	0.004373815167279	11.483451721691065	1381.1429140902924	-1446.353532867293	-1845.697195840088	0.0137826836728436	36.18643598305096	0.0105097536728436	27.59335826805093	3318.7209013024144	0.15401946	0.17210785	0.00327293	8.593077715000023	0.0018144	4.763707200000002	13.356784915000024	-0.022598198	-0.01492095	0.0056365019999999	14.798636000999997	-398.940523553521	-1446.010201845442	0.0022201435638748	5.82787685517161	30.668113491862695	-1.948787383	-1.709737917	0.0118571579999999	31.130968328999945	20.076529436691082
365	21	Real	-1517.293807017658	-1916.245389863328	0.0107967246990483	28.346800697351455	0.0059631446990483	15.656236407351408	1883.0139664793712	-1517.693017471784	-1917.036098913426	0.0132011525199686	34.65962594117775	0.0103931725199686	27.287274451177705	3281.9074496471385	0.18155301	0.19917645	0.00280798	7.372351490000045	0.0020256	5.3182128	12.690564290000047	-0.026146036	-0.017732606	0.006372684	16.731481842	-398.940681558094	-1517.291389518033	0.0025220625021233	6.620414068073899	34.967214765425354	-2.236823283	-1.998386456	0.0112445190000003	29.522484634500895	23.028587897351454
164	21	Real	-1517.291411876049	-1916.24411920129	0.0119212042698109	31.299121810388556	0.0066777942698109	17.532548855388608	2108.6826682801543	-1517.690665946776	-1917.034106184716	0.0135599488178286	35.60164562120906	0.0102189388178286	26.82982386620911	3226.888745403151	0.18052939	0.19868586	0.0033410099999999	8.771821754999946	0.0019024	4.9947512000000005	13.766572954999946	-0.026152172	-0.017063444	0.007047982	18.504476741000005	-398.940746343918	-1517.290190547774	0.0012611053280124	3.310401486032788	34.609523296421344	-2.236606106	-1.999708813	0.0097049849999999	25.48043811749985	26.304370610388556
26	21	Real	-1517.286445595754	-1916.238366314629	0.0111345979041743	29.23388679740981	0.0064450079041743	16.92136825240981	2035.174477581784	-1517.684485449924	-1917.027477981244	0.0131122421978489	34.42619189045229	0.0101666521978489	26.692545345452288	3210.377920888432	0.18105968	0.19882073	0.0029455899999999	7.733646544999999	0.0017439999999999	4.578872	12.312518545	-0.029691876	-0.021372087	0.0062790429999999	16.485627396499996	-398.940690286552	-1517.284557532644	0.001983897529044	5.207731013740613	34.44161781115042	-2.239984267	-2.002512996	0.0102789629999997	26.98741735649935	24.65501479740981
268	27	Real	-1659.824809805365	-2058.777176621176	0.0115806948397221	30.40511430169045	0.0067280648397221	17.664534236690386	2124.556873925494	-1660.339169604091	-2059.68196702672	0.0129171335070168	33.91393402267272	0.0101109035070168	26.546177157672663	3192.7738598186916	0.23157503	0.24919672	0.00280623	7.367756865000059	0.0020464	5.3728232	12.74058006500006	-0.036100923	-0.02804514	0.006015037	15.792479643500002	-398.940699216483	-1659.823404905662	0.0014918041909481	3.9159860012389913	34.32110030292944	-2.820044718	-2.584080931	0.0087714789999999	23.02951811449992	25.032291101690447
5	27	Real	-1659.834467047493	-2058.786105350436	0.0108521819720408	28.49240376759326	0.0049544019720408	13.00778237759325	1564.4779021368902	-1660.345408184028	-2059.688693103463	0.0134046303128343	35.193856886346566	0.0097100503128343	25.493737096346553	3066.194311401236	0.23133032	0.24984036	0.00369458	9.700119790000011	0.0022031999999999	5.784501599999996	15.48462139000001	-0.036430269	-0.027374785	0.007014738	18.417194619000007	-398.940599046065	-1659.832850453635	0.0018036687639551	4.7346305053821425	33.2270342729754	-2.81484679	-2.57553361	0.0121208719999996	31.823349435999138	22.707902167593264
13	27	Real	-1659.835635583661	-2058.78808263553	0.0116609308979604	30.615774072595286	0.0063958508979604	16.792306532595198	2019.651907876931	-1660.349246254866	-2059.691672056291	0.0125455123029496	32.938242551394296	0.0096964323029496	25.45798301139421	3061.89407987865	0.23404349	0.25170803	0.00284908	7.480259540000088	0.0024159999999999	6.343208	13.823467540000086	-0.039270627	-0.028620219	0.008609662	22.60466758100001	-398.940712478731	-1659.834598123933	0.0011111019682061	2.916642666541236	33.53241673913652	-2.818352719	-2.579740648	0.0114197630000001	29.98258775650036	24.272566072595286
14	30	Real	-1731.091217649686	-2130.042950006735	0.0109462360778707	28.739342822449544	0.0065613760778707	17.226892892449584	2071.9206756673175	-1731.664591287173	-2131.006378066897	0.0119064906020867	31.26049107577865	0.0096048306020867	25.217482745778685	3032.968522847371	0.25745536	0.27457248	0.0023016599999999	6.04300832999996	0.0020831999999999	5.469441599999999	11.512449929999958	-0.041540355	-0.032867462	0.0066321469999999	17.412701948499993	-398.940728949995	-1731.090355777468	0.0009190431941306	2.412488384592848	31.15183120704239	-3.113321035	-2.876146166	0.0099825609999997	26.209213905499272	23.269901222449544
76	15	Real	-1374.734228222179	-1773.685408969586	0.0103946264359819	27.291091707670716	0.0048216764359819	12.659311482670708	1522.566452604702	-1375.018782117145	-1774.361949031939	0.0132866256719808	34.88403570178559	0.0095472756719807	25.066372276785582	3014.7940959805373	0.12858716	0.14714197	0.00373935	9.817663425000012	0.0018336	4.8141168	14.631780225000009	-0.020492082	-0.013700695	0.0047506409999999	12.47280794549999	-398.940602121148	-1374.732312501491	0.0020997205109551	5.511766341257385	32.8028580489281	-1.665127943	-1.428230102	0.0097055330000002	25.48187689150055	22.476974907670716
345	18	Real	-1446.014454202334	-1844.965779947474	0.010539624168814	27.67178325522127	0.004668724168814	12.257735305221292	1474.267900445156	-1446.357032223556	-1845.700104457243	0.013191944565051	34.635450455541445	0.009369044565051	24.598426505541465	2958.513109932455	0.15525801	0.17389637	0.0038228999999999	10.03702394999998	0.002048	5.3770240000000005	15.41404794999998	-0.024211916	-0.01592785	0.00624332	16.39183666	-398.940625305572	-1446.011375218976	0.0032397987571357	8.504471737481367	36.17625499270264	-1.952374905	-1.713774314	0.0114082830000001	29.95244701650049	22.294759255221273
449	30	Real	-1731.114816349896	-2130.065990974852	0.0103885039848137	27.275017212128432	0.0047037339848137	12.34965357712849	1485.3231365359084	-1731.686918634606	-2131.029544437292	0.0127455135639138	33.4633458620558	0.0093647435639138	24.58713422705586	2957.154959892526	0.25957035	0.27776658	0.0033807699999999	8.876211634999946	0.0023039999999999	6.049151999999998	14.92536363499994	-0.039174711	-0.0306951	0.006438865	16.905240057500006	-398.940614513253	-1731.112744009287	0.0022439483269067	5.8903643581302845	33.16538157025872	-3.105262962	-2.865330768	0.0127398859999998	33.44857069299965	21.225865212128433
180	15	Real	-1374.732962487117	-1773.68409915299	0.0103505449021668	27.17535564063894	0.0054487149021667	14.305600975638928	1720.5697292205175	-1375.01939553052	-1774.361960542852	0.0126847232102136	33.303740788415894	0.0093124932102136	24.44995092341588	2940.655587374073	0.12879553	0.14698322	0.00337223	8.853789865000014	0.0015295999999999	4.015964799999998	12.869754665000013	-0.018508483	-0.011953529	0.004514208	11.852053104	-398.94055569085	-1374.732232706609	0.0009602106289889	2.520552901096096	29.695908541735037	-1.662936921	-1.426539065	0.0092055479999999	24.16916627399987	23.15939084063894
432	27	Real	-1659.823932879044	-2058.774062442802	0.0093434427872125	24.531209037826557	0.0044134327872125	11.587467782826534	1393.6531809743756	-1660.337944135545	-2059.68010319988	0.0122787752129625	32.237924321633045	0.0092127652129624	24.18811506663302	2909.163946444602	0.23158893	0.2494704	0.00306601	8.049809255000024	0.0018639999999999	4.893931999999997	12.943741255000022	-0.036120801	-0.028180059	0.005899996	15.490439498000002	-398.940686286271	-1659.8229201304	0.0011125833439109	2.9205312777662584	27.451740315592815	-2.820456778	-2.582002382	0.011262088	29.568612044000155	19.63727703782656
72	21	Real	-1517.277260438647	-1916.227081314986	0.0090347553680203	23.720750218737408	0.0036962853680203	9.704597233737406	1167.1957202692772	-1517.67589319283	-1917.018246972942	0.0124734909900325	32.74915059433056	0.0091190209900325	23.94198960933056	2879.5618338072995	0.18054342	0.19871335	0.00335447	8.807160985	0.001984	5.208992000000001	14.016152985000002	-0.029926407	-0.020573136	0.007312525	19.1990343875	-398.940656558767	-1517.273953176419	0.0034368244321854	9.021664134486684	32.74241435322409	-2.241678587	-2.003451837	0.0110344419999997	28.970927470999214	18.511758218737405
250	18	Real	-1446.001890452731	-1844.951118028005	0.0084414543030106	22.16303827255456	0.0024111643030106	6.330511877554562	761.3861959060305	-1446.344685908309	-1845.687850129161	0.0132839317300295	34.87696275719247	0.0091096417300295	23.917364362192476	2876.600094914085	0.15352956	0.17251931	0.0041742899999999	10.959598394999997	0.001856	4.872928000000001	15.832526394999997	-0.023557387	-0.015189795	0.0063268459999999	16.611134172999993	-398.940214426281	-1445.996880713708	0.0055814337130755	14.65126349682322	36.81430176937778	-1.957198555	-1.716149481	0.0138567659999999	36.380939132999906	17.290110272554557
122	18	Real	-1445.990992886445	-1844.940590528077	0.0088115206610837	23.134647495675267	0.0044439906610837	11.667697480675264	1403.3026035843102	-1446.334606902034	-1845.67612967788	0.0116424867239857	30.567348893824487	0.0089325567239857	23.452427678824485	2820.6810192478897	0.15295609	0.17048148	0.00270993	7.1149212150000025	0.0016575999999999	4.3520287999999985	11.466950015000002	-0.024209038	-0.018246287	0.0039220049999999	10.297224127499998	-398.940596221816	-1445.988221389421	0.0029613961789891	7.77366496984655	30.908312465521817	-1.955676768	-1.720487363	0.007997097	20.99637817350017	18.782618695675268
53	24	Real	-1588.568989917115	-1987.520423324316	0.0106472862300961	27.954449997117425	0.0063555762300961	16.686565392117398	2006.934161467733	-1589.02693964356	-1988.368224492569	0.0114045598870688	29.942671983499395	0.0087256498870688	22.90919377849937	2755.3449451900824	0.20798728	0.22548165	0.00267891	7.033478205000022	0.0016128	4.2344064	11.267884605000022	-0.026846422	-0.019471654	0.005334022	14.004474761000004	-398.940744818018	-1588.568249370293	0.0007818497750236	2.052355659436955	30.00680565655438	-2.518847347	-2.284235579	0.0074194599999999	19.479792229999823	23.720043597117424
105	18	Real	-1446.007542593565	-1844.958114313833	0.0097855992971744	25.69209095473161	0.0045315392971744	11.897556424731611	1430.948302762375	-1446.350098732392	-1845.692204919264	0.0122258977498859	32.099094542325474	0.0086998377498859	22.841424012325476	2747.1941091340705	0.15369295	0.17203447	0.0035260599999999	9.25767053	0.001728	4.5368640000000005	13.794534529999998	-0.025961027	-0.017372961	0.00654732	17.189988660000004	-398.940659409351	-1446.006387699678	0.0012816055069038	3.364214455622516	29.056305410354128	-1.958958831	-1.720960848	0.0108056749999998	28.3702997124996	21.15522695473161
18	12	Real	-1303.451612967477	-1702.399118731	0.0067196425518432	17.642421519864342	0.0005470025518432	1.4361551998643765	172.7299096037401	-1303.677610210493	-1703.020104422268	0.0126139226531449	33.11785392583215	0.0086460826531449	22.700290005832183	2730.219575890099	0.10053164	0.11931494	0.0039678399999999	10.417563919999967	0.0022047999999999	5.788702399999997	16.206266319999965	-0.016912921	-0.008678604	0.006193571	16.261220660500005	-398.939382429392	-1303.445598820437	0.0074178386190624	19.47182637503886	37.1142478949032	-1.376196247	-1.135552044	0.0134518949999999	35.317950322499975	11.853719119864344
9	9	Real	-1232.175045756744	-1631.125356672415	0.0095247946997005	25.00734848406387	0.0044281246997005	11.626041399063864	1398.2925244425417	-1232.345788444358	-1631.687982243059	0.0123135095789166	32.32911939944563	0.0086168395789166	22.623512314445627	2720.985334567131	0.07546509	0.09397722	0.00369667	9.705607085000002	0.0014	3.6757	13.381307085000005	-0.014197286	-0.006578191	0.005578349	14.6459552995	-398.94066580798	-1232.174593509065	0.0005725606700366	1.5029717588461722	26.51032024291004	-1.091320297	-0.854977806	0.009150183	24.02380546650009	21.33164848406387
155	18	Real	-1446.016100118097	-1844.967169088914	0.0102828498461349	26.99762227102724	0.0051791598461349	13.5978841760272	1635.4508932942013	-1446.357659828046	-1845.69951040572	0.0119702885519927	31.427992593257045	0.0085849985519927	22.539913698257006	2710.93072388256	0.15543221	0.17363296	0.00338529	8.888078895000039	0.0017184	4.5116591999999995	13.39973809500004	-0.024345188	-0.016686622	0.0056178199999999	14.749586409999996	-398.940756399335	-1446.015017117031	0.0011127227020324	2.920897092835162	29.9185193638624	-1.951573623	-1.714967168	0.0094141469999999	24.71684294849996	22.48596307102724
281	18	Real	-1446.008898255624	-1844.95888345858	0.0091990819848888	24.152189751325636	0.0053311919848888	13.997044556325644	1683.4588916030575	-1446.349075919965	-1845.689948406156	0.010992197069072	28.8600134048487	0.008546707069072	22.439379409848712	2698.8392183471683	0.15358795	0.1708489	0.0024454899999999	6.42063399499999	0.0014224	3.734511200000002	10.155145194999992	-0.023764624	-0.016005036	0.005718842	15.014819671000003	-398.94073048371	-1446.007296623968	0.0016572689170288	4.350330907200828	28.502520658526464	-1.948891257	-1.71330034	0.0083986090000001	22.050547929500297	20.417678551325636
130	12	Real	-1303.454423380243	-1702.404839240051	0.0096297388367929	25.282879315999935	0.0049314588367929	12.947545175999942	1557.2330261047057	-1303.683200303113	-1703.024947257369	0.0118666651339935	31.155929309300177	0.0085043851339935	22.328263169300183	2685.4749954642466	0.10072984	0.11890758	0.0033622799999999	8.827666139999993	0.001336	3.507668	12.335334139999992	-0.015320905	-0.008765668	0.0045144909999999	11.852796120499995	-398.940677786397	-1303.453508909301	0.0010228055160155	2.6848644795407495	27.967743795540684	-1.375547716	-1.14095334	0.0074020679999999	19.43412953399996	21.775211315999936
86	24	Real	-1588.559149923198	-1987.508089560115	0.0081535159461054	21.407056116499916	0.0034638959461054	9.094458806499944	1093.8128746043749	-1589.014193578465	-1988.355410189226	0.0113363216389643	29.763512463100938	0.0084899016389643	22.290236753100963	2680.901465087261	0.20637343	0.22403531	0.0028464199999999	7.4732757099999745	0.0018431999999999	4.839321599999997	12.31259730999997	-0.028798855	-0.020872629	0.00588548	15.452327740000005	-398.940612578412	-1588.556619272461	0.0027041932960401	7.09850740210527	28.505563518605182	-2.52060099	-2.283081952	0.01032673	27.11282961500016	16.567734516499915
85	24	Real	-1588.556067028054	-1987.506167316441	0.0093141674160506	24.45434655084091	0.0037934774160506	9.95977495584092	1197.8865710046232	-1589.010955094283	-1988.352769164942	0.0119337815369817	31.332143425345635	0.0082962915369817	21.781913430345647	2619.7641718495315	0.20627393	0.22472688	0.0036374899999999	9.550229994999986	0.0018832	4.944341600000002	14.49457159499999	-0.030642353	-0.022455347	0.00614626	16.13700563	-398.940713754492	-1588.554338264302	0.0018011302310014	4.727966856378885	29.18231340721979	-2.525094725	-2.286613789	0.0112886280000004	29.63829281400108	19.510004950840905
49	30	Real	-1731.112785290042	-2130.062921781776	0.0093503707630588	24.549398438411117	0.0049618107630589	13.027234158411186	1566.8174155422876	-1731.681057604859	-2131.021407704714	0.0104698107329568	27.48848807937816	0.0081164507329568	21.30974139937823	2562.974883175077	0.25987175	0.27704057	0.0023533599999999	6.178746679999929	0.0020352	5.343417600000001	11.52216427999993	-0.039424805	-0.029711884	0.0076721749999999	20.14329546249999	-398.940736706211	-1731.109984142978	0.0028505618240046	7.482724788012263	32.03212322642338	-3.099446471	-2.860672447	0.0115817159999997	30.40779535799947	19.205980838411115
349	21	Real	-1517.283334679237	-1916.233524385163	0.0094035849551801	24.68911229982541	0.0044857749551801	11.77740214482545	1416.497052710393	-1517.682221456868	-1917.023368705496	0.0112669595059742	29.581402182935335	0.0080531495059742	21.143544027935373	2542.985917533749	0.17979622	0.19782549	0.0032138099999999	8.437858154999962	0.001704	4.473852	12.91171015499996	-0.026591479	-0.019458077	0.005092656	13.370768328000002	-398.940681374279	-1517.282221928805	0.001217497123946	3.195929950358334	27.885042250183744	-2.237597716	-2.002175499	0.0082299089999997	21.607626079499365	20.21526029982541
112	18	Real	-1446.00090097572	-1844.949401819005	0.007714722313949	20.255003435273352	0.003065282313949	8.047898715273318	967.9405246177377	-1446.344390282096	-1845.685127011165	0.0108564399470196	28.50358308090017	0.0079701999470196	20.925759960900137	2516.792493441643	0.15404762	0.17174932	0.00288624	7.577823120000036	0.0017631999999999	4.629281599999998	12.207104720000036	-0.0229455	-0.017357259	0.003547495	9.313948122500005	-398.940518755143	-1445.996545920807	0.0046224207410432	12.133854445238512	32.388857880511864	-1.952968004	-1.717586406	0.00818929	21.50098089500004	15.625721835273353
0	21	Real	-1517.27937213544	-1916.228980126707	0.0088218702958329	23.16182046170934	0.0044754102958329	11.750189731709376	1413.224149017197	-1517.679368679506	-1917.019798185361	0.0105492167328975	27.696968532222513	0.0078411567328975	20.58695700222255	2476.043830322653	0.17934474	0.19686826	0.0027080599999999	7.110011529999963	0.0016384	4.3016192	11.411630729999963	-0.026234711	-0.019196708	0.004997257	13.120298253500003	-398.940728148575	-1517.277519041945	0.0019110658911358	5.016547964231677	28.178368425941017	-2.236564135	-2.000979424	0.0083924030000002	22.034254076500563	18.86020126170934
108	18	Real	-1446.011247114897	-1844.959508930955	0.0074756950871233	19.62743745124226	0.0028028650871233	7.358922286242283	885.0756390420862	-1446.352687249584	-1845.693413315637	0.0108457769308643	28.47558733198423	0.0077809469308643	20.42887616698425	2457.0310604051856	0.15390285	0.17178314	0.0030648299999999	8.04671116499998	0.0016079999999999	4.221803999999996	12.268515164999975	-0.021838506	-0.014516537	0.005281223	13.865850986500003	-398.940635164479	-1446.010106388206	0.0012916831831262	3.390668355706339	23.018105806948597	-1.94776729	-1.709785929	0.0107890530000001	28.32665865150027	15.405633451242263
33	15	Real	-1374.738560875663	-1773.687667511239	0.0083205146047475	21.845511094764788	0.0033103946047475	8.691441034764756	1045.3409383630171	-1375.02304128736	-1774.364085511425	0.0111639349429424	29.310911192695357	0.0077666149429424	20.391247532695328	2452.50537223454	0.1282649	0.14647768	0.00339732	8.91966366000003	0.0016128	4.234406400000004	13.15407006000003	-0.018506126	-0.011333011	0.005132369	13.475034809500004	-398.940622943783	-1374.736984592707	0.0017394601441651	4.5660828784335195	26.411593973198308	-1.662336432	-1.42535662	0.0097875039999999	25.69709175199986	17.611104694764784
54	27	Real	-1659.838425495914	-2058.787041186969	0.0078295700841408	20.55653625591185	0.0029337000841408	7.702429570911814	926.3901029905492	-1660.35251570425	-2059.693057826359	0.0106618329873526	27.992642508294463	0.0076987629873526	20.21310222329443	2431.0793987798234	0.23267313	0.25045166	0.00296307	7.779540285000036	0.0019328	5.074566400000001	12.854106685000035	-0.035419742	-0.025306217	0.0080727789999999	21.195081264499997	-398.940711019106	-1659.835680685572	0.0028199122069167	7.402269543156592	27.958805799068443	-2.814150818	-2.575115587	0.0118429229999996	31.093594336499137	15.48196985591185
278	21	Real	-1517.287575385104	-1916.236669287788	0.0083077817128014	21.81208088696019	0.0037890717128014	9.948207781960216	1196.4953586210495	-1517.687133197912	-1917.027420031602	0.0104065445680134	27.32238276331941	0.0076414345680134	20.06258645831944	2412.9764984244	0.18221986	0.19980043	0.0027651099999999	7.259796304999972	0.0017536	4.6040768000000005	11.863873104999971	-0.025824858	-0.01990521	0.003878902	10.184057201	-398.940519822081	-1517.285897554561	0.0019441294330135	5.1033397616606635	26.915420648620852	-2.23663713	-2.000888626	0.0085561959999997	22.46429259799946	17.208004086960187
126	18	Real	-1446.008750286216	-1844.958949857095	0.0094134499081519	24.715012733852973	0.0046917099081519	12.318084363853018	1481.5262297978006	-1446.347591522174	-1845.688125494492	0.0106536831958692	27.971245230754676	0.0076295431958692	20.031365660754723	2409.2214964986892	0.15452583	0.17236543	0.0030241399999999	7.939879569999954	0.0016976	4.4570488	12.396928369999957	-0.025681844	-0.017648555	0.0059925429999999	15.733421646499998	-398.94067113656	-1446.007835389288	0.0010298813389226	2.7034385146720297	27.418451248525	-1.949824575	-1.713867506	0.0087647610000001	23.011880005500316	20.25796393385297
441	27	Real	-1659.841363177828	-2058.788462785363	0.0063134865640677	16.57605897395979	0.0005294665640677	1.3901144639597516	167.19247733204236	-1660.352568135786	-2059.693472428912	0.011024004003957	28.943522512389336	0.007625584003957	20.020970802389296	2407.9712813785036	0.23078378	0.24899766	0.00339842	8.92255171000004	0.0023855999999999	6.263392799999998	15.185944510000038	-0.036063751	-0.025065484	0.008957521	23.517971385499997	-398.940353190961	-1659.836856045472	0.0049400623661313	12.9676637110947	29.54372268505449	-2.812418348	-2.570105194	0.0151208459999998	39.69978117299962	10.312666173959792
429	12	Real	-1303.450708169664	-1702.40069011799	0.0091958273551426	24.143644720927114	0.0043133273551426	11.324640970927115	1362.0423554416525	-1303.677660422617	-1703.0185179224	0.0109772106609398	28.820666590297492	0.0075411106609398	19.799186040297492	2381.2966838759344	0.10020507	0.11845663	0.0034360999999999	9.021480549999998	0.0014464	3.797523200000002	12.819003749999998	-0.015150526	-0.008821844	0.0042879359999999	11.257975967999998	-398.940724740746	-1303.450136702918	0.0006328469710865	1.6612232991022324	25.804868020029343	-1.372134718	-1.137660694	0.007281716	19.118145358000127	20.34612152092711
337	24	Real	-1588.556850027427	-1987.506372340106	0.0087361917082944	22.93687133012702	0.0040545117082944	10.645120490126969	1280.3147599606182	-1589.01382766845	-1988.353711508365	0.0100035507930442	26.26432260713773	0.0074898707930442	19.66465576713768	2365.116397842742	0.20706818	0.22439732	0.00251368	6.599666840000052	0.0021679999999999	5.692083999999999	12.291750840000052	-0.034054042	-0.024370844	0.007642452	20.065257726	-398.940710834102	-1588.555939327519	0.0009859867769819	2.5882152895775334	25.525086619704553	-2.530391665	-2.293063355	0.0101360019999994	26.612073250998485	17.24478733012702
326	33	Real	-1802.37963428782	-2201.329527990436	0.0091075816449119	23.911955608716426	0.0029530716449119	7.753289603716303	932.5071639249052	-1803.006848652351	-2202.347877233643	0.011148292170219	29.269841092910156	0.007403382170219	19.43757988791003	2337.805424700087	0.28352931	0.30208968	0.00374491	9.832261205000124	0.0024095999999999	6.326404799999998	16.158666005000125	-0.049664406	-0.037677832	0.0099458279999999	26.11277141399999	-398.940668494251	-1802.374638526971	0.0051133875689401	13.42264236846802	37.33459797718445	-3.405722787	-3.162133023	0.0163974559999999	43.05152072799994	17.585550808716434
84	21	Real	-1517.28304222726	-1916.231717036828	0.0078886885969495	20.711751911291117	0.0036489585969495	9.580340796291154	1152.251093664993	-1517.683715823594	-1917.023396094284	0.0097999815679941	25.729851606768538	0.0072450515679941	19.021882891768573	2287.8085270299457	0.18113955	0.19850994	0.0025549299999999	6.70796871499996	0.0016848	4.423442400000004	11.131411114999963	-0.027251444	-0.020137769	0.005072929	13.3189750895	-398.940585255182	-1517.281652655463	0.00159043758606	4.174898663407589	24.886650574698702	-2.237713049	-2.001353413	0.0091673280000001	24.068819664000515	16.28830951129111
20	24	Real	-1588.560181962339	-1987.510041580868	0.0090734975578925	23.822467838246897	0.0046406475578925	12.18402016324688	1465.401999454184	-1589.016966187757	-1988.356628393017	0.0097819161380812	25.68242082053223	0.0072258661380812	18.971511545532213	2281.750241628168	0.20712278	0.22449429	0.00255605	6.710909275000016	0.0018768	4.9275384	11.638447675000014	-0.033030211	-0.023837447	0.0071520179999999	18.77762325899999	-398.940770171754	-1588.558516075447	0.0016818361089008	4.414819785864665	28.237287624111563	-2.529849923	-2.292613872	0.0100437430000002	26.36984724650057	18.894929438246898
21	12	Real	-1303.453648186663	-1702.402415336859	0.0079810292247657	20.954192229622436	0.0037763492247657	9.914804889622411	1192.4779108030443	-1303.682314709021	-1703.022327347356	0.0101323492128813	26.602482858419876	0.0071692692128813	18.822916318419853	2263.878329073669	0.10047669	0.11825523	0.00296308	7.7795665400000225	0.0012415999999999	3.2598207999999995	11.039387340000022	-0.015068554	-0.008746074	0.004281734	11.241692617000002	-398.940668732085	-1303.45278244591	0.0009831296389393	2.580715302215708	23.534907531838144	-1.374980612	-1.140875052	0.0069132520000001	18.150743126000386	17.694371429622436
444	12	Real	-1303.458918611458	-1702.408618440496	0.0089137080667569	23.40294052927038	0.0048385980667569	12.703739224270382	1527.9098860937393	-1303.687804849227	-1703.027785528017	0.0101003896679685	26.51857307325145	0.0071548796679685	18.78513656825145	2259.334465825423	0.10150659	0.11926756	0.00294551	7.733436505	0.0011296	2.9657647999999996	10.699201305	-0.01503937	-0.008008409	0.004990215	13.101809482500002	-398.940759909859	-1303.458235725053	0.0007090975169603	1.8613809820209328	25.26432151129131	-1.373702804	-1.14054953	0.0059609660000001	15.650516233000468	20.43717572927038
154	24	Real	-1588.57621735122	-1987.525263857388	0.0082603851969906	21.68764133469904	0.0046166851969906	12.121106984699056	1457.835277107967	-1589.031540712101	-1988.370598674099	0.0091776728759214	24.09598013573168	0.0071403728759214	18.747048985731695	2254.7535788249916	0.2095186	0.22637136	0.0020372999999999	5.348931149999983	0.0016063999999999	4.217603199999998	9.566534349999982	-0.031516816	-0.023216474	0.006259596	16.434569298000007	-398.940774270836	-1588.574932561252	0.0012966401031349	3.403680270729126	25.091321605428167	-2.52380826	-2.288365069	0.0082508829999996	21.66269331649909	17.470038134699042
436	18	Real	-1446.006943731551	-1844.956382948887	0.0086530963649238	22.718704506107542	0.0047643363649238	12.508765126107518	1504.4598729239074	-1446.349382660357	-1845.688924656876	0.0096617073970719	25.366812771012405	0.0071169473970719	18.685545391012383	2247.3563905843507	0.15327569	0.17063591	0.00254476	6.681267380000023	0.001344	3.5286720000000016	10.209939380000025	-0.02021718	-0.0140303	0.0041461339999999	10.885674816999998	-398.94071637269	-1446.006765826551	0.0002476532810646	0.6500898627948004	23.368794368902343	-1.941973439	-1.708713277	0.006067854	15.931150677000248	19.190032506107542
40	15	Real	-1374.733257892263	-1773.68174911112	0.0077050978861734	20.229734500148425	0.0032109078861734	8.430238655148383	1013.9254872866442	-1375.016576483982	-1774.356359962771	0.0099031896670567	26.000824470857424	0.0070361996670567	18.473542225857383	2221.858249745263	0.12822085	0.1459033	0.00286699	7.52728224500004	0.0016272	4.2722136000000015	11.799495845000042	-0.018769022	-0.012756798	0.003971478	10.427115489000002	-398.940577702082	-1374.731801938946	0.001664372205937	4.368977040584809	24.59871154073323	-1.660630252	-1.425506369	0.0079315749999999	20.82435016249992	15.95752090014842
152	21	Real	-1517.27947551048	-1916.228134181551	0.0078725500998189	20.669380287074542	0.0031264400998189	8.208468482074565	987.2526444410634	-1517.678854003952	-1917.018614579801	0.0098802867269114	25.940692801505975	0.0069837767269114	18.33590579650599	2205.30437868572	0.17918002	0.19689199	0.0028965099999999	7.604787004999981	0.0018495999999999	4.856124799999999	12.46091180499998	-0.026158993	-0.018828572	0.005289675	13.888041712500002	-398.9406482957	-1517.277570513292	0.0020428224591455	5.362408955257081	26.031789242331623	-2.234516001	-1.997315262	0.0100084309999997	26.27713559049923	15.813255487074542
143	21	Real	-1517.29217745836	-1916.241325205189	0.0083616258582424	21.953448690815435	0.0041142358582424	10.80192624581548	1299.1741729321277	-1517.69131201372	-1917.030762175107	0.0095698722648194	25.125699631283396	0.0069800822648194	18.32620598628344	2204.137758711031	0.18153731	0.19894256	0.0025897899999999	6.799493644999954	0.0016576	4.352028800000002	11.151522444999957	-0.027522471	-0.018827276	0.006654449	17.4712558495	-398.940698759644	-1517.290924109803	0.0013407098838911	3.5193634452141964	25.47281213602963	-2.233639521	-1.996494327	0.0099528860000002	26.131302193000568	17.601419890815432
316	33	Real	-1802.399317361341	-2201.348648942168	0.0085454598561227	22.43610485225031	0.0048605598561227	12.761399902250211	1534.844877309234	-1803.027295534076	-2202.366013567531	0.0088377443325953	23.203497745229015	0.0069736443325952	18.309303195228917	2202.10481855862	0.2891234	0.30580296	0.0018641	4.894194550000097	0.0018208	4.7805104	9.674704950000097	-0.042734184	-0.033660752	0.0070326859999999	18.46431709299999	-398.940724386279	-1802.398184324641	0.0011947713919084	3.1362749037597837	25.572379756010093	-3.389534085	-3.154046035	0.0082957420000004	21.7804706210013	17.65559445225031
22	33	Real	-1802.398471937267	-2201.34701351765	0.0077554594117827	20.361958685635727	0.0038932094117827	10.2216213106357	1229.3794745557452	-1803.027403169389	-2202.366247371444	0.0089639129328134	23.534753405101583	0.0069704629328133	18.30095043010156	2201.1002110026075	0.28747016	0.30427907	0.00199345	5.233802975000025	0.0018688	4.906534400000001	10.140337375000026	-0.040894638	-0.03133915	0.0075147419999999	19.729955120999975	-398.940739922033	-1802.397466117272	0.0010520189330236	2.7615496991870714	23.1235083848228	-3.387366133	-3.149633186	0.0105406389999997	27.674447694499467	15.455424285635726
178	18	Real	-1446.00892913781	-1844.957758331187	0.0080430724060533	21.117086602093195	0.0039442124060533	10.35552967209316	1245.4849617425868	-1446.351762390374	-1845.691127146289	0.0094844667930829	24.90146756523916	0.0068864067930828	18.08026103523912	2174.557356004281	0.15587282	0.17328634	0.00259806	6.821206530000039	0.0015007999999999	3.940350399999995	10.761556930000037	-0.024760421	-0.01665403	0.006065645	15.925350947500004	-398.94070226358	-1446.007684395837	0.0013285993638305	3.487573330055227	24.604659932148422	-1.95366352	-1.717584237	0.008886975	23.33275286250005	17.1767362020932
146	18	Real	-1446.014471167205	-1844.962589707814	0.0073324196378052	19.251267759057782	0.0032663096378052	8.575695954057805	1031.4199935170302	-1446.356591473474	-1845.695863313153	0.0093915505569839	24.657515987361307	0.0068406405569839	17.96010178236133	2160.1055078408	0.15485482	0.17222119	0.0025509099999999	6.697414204999977	0.0015152	3.9781576	10.675571804999976	-0.023523746	-0.015222916	0.006260084	16.435850542000008	-398.940681383813	-1446.012668657588	0.001907246775147	5.006522784761103	24.257790543818885	-1.947251784	-1.71030712	0.0097523560000001	25.604810678000337	15.273110159057783
357	12	Real	-1303.459456639212	-1702.407478529726	0.0072357695428308	18.997512934702513	0.0024163395428308	6.344099469702519	763.0204089518564	-1303.686959817588	-1703.026973941607	0.0101338348968056	26.606383521563203	0.0068328048968056	17.93952925656321	2157.6311996868026	0.10196347	0.12007996	0.0033010299999999	8.666854264999996	0.0015183999999999	3.9865591999999994	12.653413464999996	-0.014762759	-0.008053811	0.004668202	12.256364351000004	-398.940644338317	-1303.458184475207	0.0014139466590563	3.711609980022956	22.70912291472547	-1.374640467	-1.138579324	0.0088688350000001	23.285126292500344	15.010953734702515
78	15	Real	-1374.739232423372	-1773.6879567871	0.0079382427568361	20.841856358073414	0.0032956927568361	8.652841333073441	1040.6984575332976	-1375.023392215612	-1774.363399270869	0.0101267661350448	26.58782448756017	0.0068010161350448	17.856067862560195	2147.59309305118	0.1287121	0.14685331	0.0033257499999999	8.731756624999974	0.0013168	3.4572583999999997	12.189015024999971	-0.018757203	-0.012343548	0.004372909	11.481072579500005	-398.940680309817	-1374.737901645473	0.0014365890530143	3.771046264162692	24.612902622236103	-1.661377216	-1.426336539	0.0078483689999999	20.60589280949991	17.38459795807341
317	24	Real	-1588.55983193875	-1987.508515985748	0.0078979260269989	20.73600478388562	0.0036170860269989	9.496659363885623	1142.1865224708188	-1589.016313485291	-1988.355480495894	0.0092867214809757	24.38228724830185	0.0067706814809757	17.776424228301853	2138.0141577472127	0.20815603	0.22548753	0.0025160399999999	6.6058630199999975	0.0017647999999999	4.633482399999999	11.239345419999996	-0.033398805	-0.024482939	0.0068751199999999	18.050627559999995	-398.940730944934	-1588.558691490461	0.001195624326101	3.138513856015379	23.874518639901	-2.531354389	-2.294382936	0.0097791449999999	25.675145197499972	16.102522383885624
29	27	Real	-1659.835682298823	-2058.784812722767	0.0083443029730005	21.90796745561306	0.0045228329730006	11.874697970613136	1428.1990604005894	-1660.351343404793	-2059.690199427737	0.0089757338218987	23.565789149395187	0.0067206638218987	17.64510286439526	2122.219815103209	0.23296021	0.25003074	0.0022550699999999	5.920686284999926	0.0015664	4.1125832	10.033269484999924	-0.033185142	-0.025582192	0.005562204	14.603566602000004	-398.94071041398	-1659.835061995883	0.000696009930948	1.8270260687387463	23.734993524351808	-2.814084371	-2.579295501	0.0075965619999998	19.94477353099949	17.79538425561306
476	24	Real	-1588.558554323498	-1987.506814975754	0.0074745312849699	19.62438188868873	0.00283646128497	7.447129103688751	895.6844893985108	-1589.015291649051	-1988.354653157468	0.009481219294912	24.892941258791662	0.006711949294912	17.622222873791685	2119.4679824955197	0.20572533	0.22331006	0.0027692699999999	7.270718384999979	0.0018688	4.906534400000001	12.17725278499998	-0.029442994	-0.022095909	0.005306339	13.9317930445	-398.940666762293	-1588.556879140707	0.0017945414688824	4.710671355816487	24.335053244505215	-2.519703547	-2.282562998	0.0099482410000004	26.11910674550123	14.717847488688726
67	18	Real	-1446.007176738195	-1844.95616105847	0.0081981993037061	21.524372271880452	0.0036945293037061	9.699986686880496	1166.6411984864692	-1446.349743074099	-1845.689193604094	0.0095702408730176	25.126667412107736	0.0066777708730176	17.53248742710778	2108.6752801501007	0.15567326	0.17338119	0.0028924699999999	7.594179984999953	0.0016112	4.230205600000002	11.824385584999956	-0.025749102	-0.017467009	0.006241347	16.386656548500003	-398.940706863339	-1446.006082496812	0.0011734990150102	3.0804349144020193	24.60480718628247	-1.954853541	-1.71828639	0.009374843	24.613650296500055	17.29416667188045
8	24	Real	-1588.563174772714	-1987.511857343411	0.007896449726104	20.73212875588615	0.004673849726104	12.271192455886151	1475.8864249737617	-1589.01953030532	-1988.357714090707	0.0083034962651709	21.800829444206215	0.0066568962651709	17.477681144206215	2102.083594034144	0.20612873	0.22259079	0.0016465999999999	4.3231483	0.001576	4.137788	8.4609363	-0.028015785	-0.02095627	0.005018769	13.176778009500008	-398.940738849605	-1588.562588584821	0.0006334592590633	1.6628305550412392	22.39495931092739	-2.515842666	-2.281450095	0.0072002630000005	18.904290506501415	16.59434075588615
231	12	Real	-1303.458263422868	-1702.406600727073	0.0075511832342272	19.82563158146354	0.0032129532342272	8.435608716463525	1014.5713577368704	-1303.686426080784	-1703.026003976419	0.0096976065128728	25.461065899547748	0.0065705765128728	17.251048634547736	2074.825946037413	0.10278907	0.12073156	0.00312703	8.210017265000012	0.0012112	3.1800056000000025	11.390022865000017	-0.014783023	-0.008422331	0.004319946	11.342018223	-398.940693243783	-1303.45723810984	0.0011181902158341	2.9352493165646365	22.760880898028176	-1.373248311	-1.138301364	0.007754639	20.359804694500166	16.64562598146354
274	18	Real	-1446.004522049471	-1844.953821377832	0.008513207390024	22.351426002508106	0.004992057390024	13.106646677508104	1576.3685540587312	-1446.34662170391	-1845.685073477103	0.0085714840711261	22.504431428741785	0.0064055340711261	16.81772970374178	2022.709615048415	0.15410214	0.17108355	0.00216595	5.686701725000004	0.0013552	3.5580776	9.244779325000003	-0.022823099	-0.015712423	0.00506993	13.311101215	-398.940714380904	-1446.004272278479	0.0003215110589849	0.8439665298354271	23.195392532343533	-1.947143234	-1.713348511	0.0066024149999999	17.334640582499784	18.793348402508105
25	12	Real	-1303.451690274519	-1702.399794284304	0.0073178888139864	19.213117081121368	0.0032020188139864	8.406900396121355	1011.1185376112694	-1303.679118399583	-1703.018160761352	0.009162072646859	24.055021734328538	0.006377402646859	16.74387064932852	2013.8264053553232	0.10059644	0.11819657	0.00278467	7.311151085000012	0.0013312	3.495065600000001	10.806216685000011	-0.014074965	-0.007535455	0.004498764	11.811504882	-398.940694670408	-1303.45123746965	0.0005442554319188	1.4286705087869225	20.64178758990829	-1.371487642	-1.137476341	0.0068189929999999	17.90326612149999	15.718051481121368
202	12	Real	-1303.452277980367	-1702.400297352357	0.007233251018988	18.990900550353217	0.003065981018988	8.049733165353238	968.1611584298124	-1303.679028372073	-1703.017951515506	0.0090428543110192	23.742013993581057	0.0063459843110192	16.661381808581076	2003.9052700859809	0.10176585	0.11927818	0.0026968699999999	7.0806321849999785	0.0014704	3.8605352000000006	10.94116738499998	-0.014875638	-0.008966453	0.003868439	10.156586594500004	-398.940618553692	-1303.450602660262	0.0018428873840434	4.837579383114132	23.82847993346735	-1.372331697	-1.137892363	0.0072470259999999	19.027066762999823	15.130365350353216
208	15	Real	-1374.734277297064	-1773.681764678138	0.0067012601032274	17.59415840102372	0.0031305101032274	8.219154276023705	988.5378510977348	-1375.01863203436	-1774.357129579116	0.0086172556339079	22.624604666825235	0.0062417056339079	16.38759814182522	1970.9766367361972	0.12841596	0.14560697	0.00237555	6.237006525000015	0.0011951999999999	3.1379975999999994	9.375004125000014	-0.018902135	-0.011425081	0.005436308	14.273026654000002	-398.940743326223	-1374.733106389405	0.0012137024068579	3.1859688180020385	20.78012721902576	-1.659784942	-1.424916907	0.0076757269999998	20.152621238499616	14.456160801023724
16	18	Real	-1446.007985223666	-1844.956762880085	0.0079915354481272	20.9817763190581	0.0038652754481272	10.148280689058057	1220.558618051807	-1446.350351359974	-1845.689198959993	0.0089673108971055	23.543674760350655	0.0062234508971055	16.33967033035061	1965.212241255614	0.15559963	0.17315895	0.00274386	7.204004430000043	0.0013823999999999	3.629491199999999	10.833495630000042	-0.022542881	-0.016317218	0.004184917	10.9874995835	-398.940687896898	-1446.007863442481	0.0002200052580292	0.5775138023267345	21.559290121384834	-1.950179105	-1.716238991	0.0067478059999999	17.71636465299977	17.3522851190581
11	12	Real	-1303.459699320697	-1702.408516172625	0.0080307309569889	21.084684127574405	0.0037246509569889	9.7790710875744	1176.152873397519	-1303.687947459922	-1703.027153889352	0.0093261403078486	24.485781378256547	0.0062088603078486	16.301362738256543	1960.6048931638688	0.10275273	0.12068547	0.00311728	8.184418640000004	0.0011888	3.121194400000001	11.305613040000006	-0.015229954	-0.008433545	0.004755663	12.4859932065	-398.940747433428	-1303.45855195402	0.0011860542198292	3.113392327051656	24.19807645462606	-1.374305605	-1.140104169	0.0070091279999999	18.402465563999936	17.963489727574405
69	15	Real	-1374.74143452541	-1773.689424025246	0.0072033788646876	18.912471209237538	0.0028312088646876	7.433338874237524	894.0259046670345	-1375.026458387169	-1774.36562483714	0.0092861608491148	24.380815309350965	0.0061843908491148	16.23711817435095	1952.8780418340175	0.12924918	0.14716641	0.00310177	8.143697135000014	0.0012703999999999	3.3354351999999987	11.479132335000012	-0.017674631	-0.01120827	0.004425615	11.619452182500002	-398.940677563917	-1374.740488259049	0.0010548234150746	2.7689114645710333	21.68138267380857	-1.659598603	-1.424365846	0.0080404490000001	21.110198849500303	15.577036009237538
1	15	Real	-1374.728950480694	-1773.67729704512	0.0075604434548495	19.849944290707413	0.0026014334548495	6.8300635357073896	821.4684995200723	-1375.01500349444	-1774.354278527687	0.0093947441250747	24.665900700383872	0.0060517341250747	15.888827945383849	1910.988321439568	0.12761217	0.14577064	0.00334301	8.777072755000024	0.0016159999999999	4.242807999999999	13.019880755000022	-0.019517233	-0.0136091	0.0038673869999999	10.15382456849999	-398.940620962739	-1374.727188003726	0.0019276351999906	5.060042399975373	24.909986690682786	-1.662518018	-1.427328151	0.007997559	20.99759115450026	15.607136290707412
38	15	Real	-1374.737531096891	-1773.686499018608	0.0081818007458878	21.481317858328453	0.0043584007458877	11.442981158328411	1376.27542013706	-1375.02305296015	-1774.361448912286	0.0085156630141227	22.35787324357932	0.0058714630141227	15.41552614357928	1854.063152454551	0.12904478	0.14650444	0.0026442	6.942347100000039	0.0011792	3.0959896000000007	10.03833670000004	-0.017438561	-0.012059912	0.003337903	8.763664326500004	-398.940737831303	-1374.737480190989	9.91955700442304e-05	0.2603883713661048	21.741706229694557	-1.659124847	-1.426868781	0.0050637579999999	13.294896628999783	18.385328258328453
405	27	Real	-1659.835917308088	-2058.784782309782	0.0080788807226781	21.211101337391483	0.0034917407226781	9.167565267391542	1102.6055680280708	-1660.350682362904	-2059.689189263724	0.008626611697764	22.649169012479433	0.005845871697764	15.348336142479493	1845.9820461664997	0.23403598	0.25163218	0.0027807399999999	7.300832869999941	0.0018064	4.7427032	12.04353606999994	-0.034917188	-0.026984275	0.005892167	15.46988445850001	-398.940738297236	-1659.834784512679	0.001180619143895	3.0991252527243773	24.31022659011586	-2.813678938	-2.577703679	0.0087829509999997	23.05963785049923	16.468398137391482
121	30	Real	-1731.115806458864	-2130.063989337491	0.007396757655897	19.42018722555781	0.002855677655897	7.497581685557829	901.7525452091528	-1731.68525755513	-2131.0233951495	0.0082573052482075	21.679554929168944	0.0058314252482075	15.310406989168962	1841.420213835779	0.25966929	0.27691063	0.0024258799999999	6.369147939999982	0.0021152	5.553457600000001	11.922605539999983	-0.039184459	-0.029491457	0.0076522559999999	20.09099812799999	-398.940683469345	-1731.115487789506	0.0004213209839463	1.1059675828590798	20.52615480841689	-3.098684407	-2.860678882	0.0108132169999994	28.39010123349865	13.86672962555781
6	9	Real	-1232.176613385011	-1631.124569842392	0.0071703364098993	18.825718244190853	0.0030950264098993	8.125991839190833	977.3329762387184	-1232.34778926653	-1631.686520249711	0.0088506940589923	23.237497251884292	0.0058233840589922	15.289294846884276	1838.881004682952	0.07580411	0.09364688	0.00302731	7.948202405000019	0.001048	2.751524000000001	10.69972640500002	-0.012328166	-0.006318012	0.003969408	10.421680704000002	-398.940742756278	-1232.175734472343	0.0009222773609849	2.4209780725854557	21.24669631677631	-1.086350194	-0.853414323	0.005743563	15.07972465650002	16.074194244190853
17	24	Real	-1588.567717201384	-1987.514959480126	0.0064561577710264	16.95064222783003	0.0015641077710264	4.1065649528299994	493.9066426464205	-1589.021739189956	-1988.360244527824	0.0086250487461256	22.645065482952987	0.0056913987461256	14.942767407952957	1797.2032993712455	0.20516157	0.22291068	0.00293365	7.70229807500003	0.0019584	5.141779200000001	12.844077275000032	-0.030401131	-0.02088173	0.007478655	19.6352087025	-398.940732024166	-1588.562946286834	0.0048250113551375	12.665654807236136	29.616297035066168	-2.519613889	-2.281226756	0.011194825	29.39201303750005	11.80886302783003
92	27	Real	-1659.824586382107	-2058.772620325069	0.0072478219908589	19.029156637000145	0.0037357819908589	9.808295617000116	1179.6677792561566	-1660.339518146553	-2059.676858658637	0.0074602229615265	19.58681538548808	0.0055113829615265	14.470135965488057	1740.3587561487884	0.23127862	0.24804292	0.00194884	5.116679420000024	0.0015632	4.104181600000001	9.220861020000026	-0.034902363	-0.026757707	0.00610391	16.025815705000003	-398.94074783855	-1659.824071258679	0.0005534058491321	1.452690353971775	20.48184699097192	-2.815986493	-2.580896177	0.0078980080000001	20.73622000400047	14.924975037000145
239	24	Real	-1588.557645739754	-1987.505328371444	0.0068965107191161	18.10678889303938	0.0039122007191161	10.271482988039375	1235.3764608365043	-1589.015155879801	-1988.351950924485	0.0069147555620929	18.154690728275114	0.0054648455620929	14.347952023275113	1725.6633936312392	0.20635217	0.22261754	0.00144991	3.806738705000001	0.0015344	4.0285672	7.835305905000001	-0.030492166	-0.022945243	0.005506177	14.456467713500002	-398.940751716437	-1588.557025557416	0.0006545868720309	1.7182905390811245	19.825079432120503	-2.527494362	-2.293477564	0.00682449	17.917698495000188	14.078221693039378
2	9	Real	-1232.175760553569	-1631.123218098122	0.0066714235817926	17.515822613996534	0.0029024035817926	7.620260603996535	916.5074397318364	-1232.345729129301	-1631.683739791638	0.0081303732149535	21.34629487586062	0.0053965532149535	14.168650465860622	1704.0983553909853	0.07467284	0.09222212	0.0027338199999999	7.177644409999999	0.0010352	2.7179176	9.89556201	-0.012020359	-0.006535332	0.003444281	9.0429597655	-398.940716908774	-1232.174491352301	0.0013384134650777	3.513335345829205	21.02915795982574	-1.085567183	-0.853281264	0.0050936109999999	13.373275680499848	14.797905013996534
111	9	Real	-1232.180569219	-1631.127821265812	0.0064659258407573	16.976288294908386	0.0025175458407573	6.609816604908391	794.9788607602749	-1232.3517561709	-1631.689921882633	0.0082854226109247	21.753377064983056	0.0053946426109248	14.163634174983065	1703.4950337792898	0.07629989	0.09400613	0.0028907799999999	7.589742889999993	0.0010576	2.776728800000002	10.366471689999994	-0.011565716	-0.005852078	0.003672892	9.643177946000002	-398.940700356613	-1232.179667899257	0.0009870841009842	2.591095765083651	19.567384059992037	-1.086799821	-0.853311329	0.0062961839999999	16.530631091999954	14.199559494908385
318	30	Real	-1731.095783913344	-2130.04344823278	0.006878198465074	18.05871007005203	0.003371578465074	8.852079260052014	1064.6612918564235	-1731.667057743392	-2131.003785134474	0.0068471019603748	17.977066196964188	0.0053388819603748	14.017234586964172	1685.8871961257298	0.25807336	0.27439704	0.00150822	3.9598316100000166	0.0019983999999999	5.246799199999999	9.206630810000016	-0.040696228	-0.031966638	0.0066888439999999	17.561559921999997	-398.940759778518	-1731.095177731664	0.0006325241328113	1.6603758486297693	19.7190859186818	-3.104690494	-2.869225812	0.0082723740000001	21.71911793700036	12.811910870052031
123	18	Real	-1446.017483756948	-1844.965763262231	0.0074933843118287	19.673880510706457	0.0031337543118287	8.227671945706405	989.5622921292236	-1446.35680698824	-1845.694680872268	0.0079935949061109	20.987183425994317	0.0051971649061109	13.645156460994269	1641.1364469933385	0.15556641	0.1731783	0.00279643	7.342026965000048	0.0015632	4.104181600000001	11.446208565000047	-0.021845614	-0.015072181	0.0047326869999999	12.425669718499998	-398.940697609605	-1446.016620082236	0.0009521860779955	2.499488454738241	22.1733689654447	-1.941694731	-1.707041018	0.0074614049999999	19.58991882749979	15.569698910706457
107	21	Real	-1517.28624849349	-1916.233830355609	0.0067957411479255	17.842218383878617	0.0036030911479255	9.459915808878565	1137.767284957012	-1517.687482830306	-1917.02440918521	0.0070460657821058	18.499445710918963	0.0051526157821058	13.528192735918909	1627.0689327991263	0.18179467	0.19850358	0.00189345	4.971252975000054	0.0012991999999999	3.4110495999999992	8.382302575000052	-0.024516047	-0.017882646	0.004592655	12.058015702500002	-398.940751523698	-1517.285813367898	0.0004697228648069	1.2330225201182543	19.07524090399687	-2.23178708	-1.99847432	0.0061204520000002	16.06924672600058	14.431168783878618
341	30	Real	-1731.118928234312	-2130.065717380144	0.0060030248610019	15.7609417725605	0.0020565148610019	5.399379767560629	649.396652433584	-1731.687625793319	-2131.024725004376	0.0072189219345091	18.95327953905371	0.0051028119345091	13.39743273405384	1611.342106545201	0.2575237	0.27445527	0.0021161099999999	5.55584680499987	0.0018304	4.805715200000001	10.361562004999872	-0.037550557	-0.028735823	0.0067739879999999	17.785105493999996	-398.940712855334	-1731.117780940119	0.001220559830017	3.20396955379465	18.96491132635515	-3.094174298	-2.857747427	0.0092345630000001	24.245345156500367	10.955226572560498
41	21	Real	-1517.283581013929	-1916.231591563893	0.007224428992913	18.96773832089332	0.0038682489929131	10.156087730893368	1221.4975901285106	-1517.685538826049	-1917.022431670461	0.0070125552899753	18.41146391383029	0.0050291752899753	13.20409972383034	1588.0894710483706	0.18147445	0.19827329	0.0019833799999999	5.207364189999949	0.0013728	3.6042864	8.811650589999951	-0.026625391	-0.019639772	0.004944873	12.982764061500006	-398.940738055451	-1517.283294866877	0.0003342125720564	0.8773080016482027	19.845046322541524	-2.239705657	-2.005981449	0.0065318999999997	17.149503449999216	15.363451920893322
12	12	Real	-1303.457076326103	-1702.403723168735	0.0058607216608379	15.387324720530046	0.0025163216608379	6.606602520530055	794.5922949460918	-1303.683873200494	-1703.021026852262	0.0072733626459466	19.096213626933036	0.0050105626459466	13.155232226933045	1582.212057296411	0.10117393	0.11825219	0.0022627999999999	5.940981399999992	0.0010815999999999	2.839740799999999	8.78072219999999	-0.014481992	-0.008955468	0.003485778	9.151910139000003	-398.940713721679	-1303.455560025551	0.0015886998440919	4.170337090741327	19.557661811271373	-1.371576551	-1.139032518	0.0053517249999999	14.050953987499785	12.547583920530048
424	12	Real	-1303.457549677417	-1702.404876054753	0.0065402563650422	17.17144308641855	0.0033243463650422	8.728071381418543	1049.7465600304108	-1303.685857702439	-1703.022989596341	0.0072516047798671	19.039088349541316	0.0050004947798671	13.12879904454131	1579.032873594333	0.10276283	0.1198294	0.00225111	5.910289305000006	0.0009647999999999	2.533082399999999	8.443371705000006	-0.014075571	-0.00854842	0.003486405	9.153556327500004	-398.940773475118	-1303.457310233751	0.0002520895189945	0.6617349873607736	17.833178073779322	-1.373267838	-1.141272097	0.0048034329999999	12.611413341499915	14.63836068641855
88	6	Real	-1160.897427892216	-1559.845007453516	0.00679344032892	17.83617758357957	0.00257762032892	6.767542173579581	813.9489018960419	-1161.010805349521	-1560.348883153014	0.0081975143709769	21.522573980999937	0.0049384943709769	12.966016970999949	1559.4546742113107	0.04771904	0.06579352	0.0032590199999999	8.55655700999999	0.0009567999999999	2.5120783999999996	11.06863540999999	-0.008450782	-0.003083211	0.003326825	8.734579037500001	-398.940744177825	-1160.897044595604	0.0004252397579307	1.1162543645681922	18.95243194814776	-0.799174458	-0.567137472	0.0048446779999999	12.719702088999975	15.324099183579566
106	6	Real	-1160.899606489464	-1559.847516798357	0.0071241879218177	18.704555388732615	0.0024464979218177	6.423280293732611	772.5436809341318	-1161.013419707995	-1560.351853606223	0.0085536091060021	22.45750070780855	0.0048647191060021	12.772320012808544	1536.1582657994063	0.04825709	0.06676144	0.00368889	9.685180695000003	0.0009888	2.5960943999999997	12.281275095000003	-0.008541914	-0.003114696	0.0033864719999999	8.891182235999999	-398.940742600792	-1160.899054575026	0.0005954346170824	1.563015869841422	20.267571258574037	-0.798902241	-0.5666971	0.0050128329999999	13.161193041499985	16.108460988732617
204	24	Real	-1588.570650533784	-1987.517756921517	0.0063202667620316	16.593860383714173	0.0030336967620316	7.964970848714147	957.966586636836	-1589.026939027247	-1988.363355520675	0.0065362043060304	17.16080440548285	0.0048000343060304	12.60249007048282	1515.732401945207	0.20863741	0.22518904	0.00173617	4.558314335000029	0.0015503999999999	4.070575199999998	8.628889535000026	-0.030846513	-0.022630122	0.006175645	16.2141559475	-398.94073384472	-1588.570027063573	0.0006757464619226	1.773834462547086	18.36769484626126	-2.525349292	-2.290175282	0.0079817019999999	20.9559586009998	12.523285183714176
157	24	Real	-1588.555465005167	-1987.502208124891	0.0059569987531631	15.640100226429809	0.0029867287531631	7.841656341429802	943.135248284222	-1589.012465329581	-1988.348400594935	0.0060549762320079	15.897340097136748	0.0047023062320079	12.345905012136743	1484.8722874269615	0.20695784	0.22312597	0.00135267	3.551435085000006	0.0016176	4.247008800000001	7.798443885000006	-0.031639017	-0.023526208	0.0060720629999999	15.942201406499995	-398.940767515491	-1588.554451749253	0.0010318613938693	2.7086361589070407	18.34873638533685	-2.52477461	-2.28992052	0.007661782	20.116008641000015	11.393091426429809
201	18	Real	-1446.004355948662	-1844.95187389184	0.0067318222072572	17.674399205153804	0.0035248122072572	9.254394450153848	1113.0487268808995	-1446.347176175661	-1845.683697280496	0.0066408157131263	17.435461654813253	0.0046722057131263	12.266876099813295	1475.3672862383712	0.15468402	0.17146809	0.0019686099999999	5.168585554999956	0.0012384	3.2514192000000004	8.420004754999956	-0.021990891	-0.015916705	0.0040334399999999	10.589796719999995	-398.940772397056	-1446.004405020297	-3.5347720199752075e-05	-0.0927877655243492	17.581611439629455	-1.951059519	-1.718098056	0.0057691549999998	15.14691645249963	14.422980005153804
64	18	Real	-1446.021209728517	-1844.968348675159	0.0063528256707741	16.679343798617424	0.002337245670774	6.136438508617377	738.0445156501787	-1446.360565545238	-1845.697635842129	0.007190007769168	18.8773653979506	0.0046416277691679	12.18659370795055	1465.711525990082	0.15485194	0.17221578	0.00254838	6.690771690000049	0.0014671999999999	3.8521335999999993	10.542905290000048	-0.021252896	-0.014302546	0.004909604	12.890165302000003	-398.940729571175	-1446.02047726657	0.0007890117431088	2.071155825660753	18.750499624278177	-1.941591165	-1.707011308	0.0073875489999999	19.39600989949984	12.827210198617426
35	18	Real	-1446.020677852223	-1844.967611936514	0.0061479633200178	16.141477696706943	0.0024238833200178	6.363905656706933	765.4025476588641	-1446.362540532482	-1845.699388473261	0.006967651657078	18.293569425658347	0.004614771657078	12.11608298565834	1457.231028416576	0.15720594	0.17437428	0.00235288	6.177486440000009	0.0013712	3.6000856000000008	9.77757204000001	-0.021210019	-0.013968063	0.00520121	13.655776855000004	-398.940711780066	-1446.019941548533	0.0008106445947646	2.1279420612572153	18.26941975796416	-1.942655295	-1.708274248	0.007188739	18.874034244500145	12.541392096706947
477	15	Real	-1374.733978861874	-1773.681289596723	0.0065246138781276	17.130373737024115	0.0030124938781276	7.909302677024125	951.2712390415824	-1375.019819566504	-1774.356669129767	0.0069692741408289	18.29782925674635	0.0046091541408289	12.101334196746366	1455.4571553868575	0.12972431	0.14689989	0.0023601199999999	6.196495059999987	0.001152	3.024576000000003	9.22107105999999	-0.019300057	-0.013349311	0.0039099999999999	10.265704999999995	-398.940744439248	-1374.733883523014	0.0001370205830539	0.3596790305167019	17.490052767540817	-1.66470939	-1.431789766	0.0057273159999999	15.037068157999954	14.105797737024112
24	18	Real	-1446.018443124315	-1844.965068119217	0.0058388739312249	15.329963506431111	0.0020022939312249	5.257022716431161	632.2750206103868	-1446.358417151199	-1845.695365917412	0.0070684770907973	18.55828660188854	0.0046062970907974	12.093833011888586	1454.5549694792844	0.15535444	0.17263208	0.0024621799999999	6.464453589999954	0.0013743999999999	3.608487199999998	10.072940789999953	-0.021126484	-0.014675019	0.004410719	11.5803427345	-398.94068822769	-1446.018198991429	0.0003420261668907	0.8978186880881367	16.22778219451925	-1.943831689	-1.709449148	0.0071902329999999	18.877956741499975	11.721476306431114
19	27	Real	-1659.843664230792	-2058.789434262235	0.0049839104717648	13.08525694361856	0.0016364504717648	4.296500713618536	516.7506826182979	-1660.357016425794	-2059.692876389424	0.0059796745081257	15.699635421084167	0.0043538145081257	11.430939991084143	1374.827199408672	0.23472446	0.25116578	0.00162586	4.268695430000022	0.0017216	4.520060800000002	8.788756230000025	-0.034558036	-0.026005167	0.006512123	17.097578936500003	-398.940740437406	-1659.842125686795	0.0015842275619206	4.1585973500417595	17.24385429366032	-2.812931176	-2.576568078	0.0091707899999997	24.077909144999374	8.565196143618557
242	27	Real	-1659.828728932272	-2058.774619817895	0.0051047646520601	13.402559593983824	0.0018090746520601	4.749725498983827	571.2611395756757	-1660.344528916969	-2059.680097863524	0.0056886574334384	14.935570091492764	0.0040857674334384	10.72718239649277	1290.1845467843643	0.23232589	0.24874424	0.0016028899999999	4.208387694999994	0.0016928	4.444446400000003	8.652834094999996	-0.035953316	-0.027267432	0.0066451379999999	17.446809818999995	-398.940715677688	-1659.827855987199	0.0009433883560632	2.4763944346659628	15.878954028649789	-2.819847641	-2.583719889	0.0089354439999995	23.460008221998873	8.958113193983824
169	33	Real	-1802.406901655387	-2201.353572330372	0.0058845540143011	15.449896564547544	0.0020702840143011	5.43553067954759	653.7446113172688	-1803.035059439654	-2202.370985785362	0.0060460565855464	15.873921565352248	0.0040685865855464	10.682074080352292	1284.7592589254632	0.28934978	0.30614271	0.0019774699999999	5.191847484999955	0.0018367999999999	4.822518399999999	10.014365884999954	-0.043491763	-0.034437423	0.0070135939999999	18.414191046999996	-398.940735484063	-1802.406647010003	0.0003052822918334	0.8013660160628433	16.251262580610387	-3.389613754	-3.153044241	0.0093772049999998	24.61985172749956	10.627378164547544
301	15	Real	-1374.737655091736	-1773.683253489601	0.0048122768937446	12.634632984526547	0.0012130268937446	3.184802109526558	383.0439638670479	-1375.02057067967	-1774.356979852103	0.0065288833109207	17.141583132822348	0.0040272333109207	10.57350105782236	1271.7009151136167	0.12906535	0.14638246	0.0025016499999999	6.568082074999989	0.0010976	2.8817488	9.44983087499999	-0.01785849	-0.012295375	0.003522369	9.247979809500002	-398.940673935871	-1374.73759105912	0.0001762177161026	0.4625715047694712	13.097204489296018	-1.65762797	-1.424100246	0.0063354159999999	16.633634707999953	9.752884184526547
196	9	Real	-1232.180847698557	-1631.126861891034	0.0052280715058259	13.726301738546	0.0010932015058259	2.8702005535460056	345.20606283041303	-1232.35125877495	-1631.68819867433	0.0070596102577837	18.535006731811336	0.0039711402577837	10.426228746811342	1253.9881129245016	0.07540206	0.09330599	0.0030884699999999	8.108777984999994	0.0010463999999999	2.7473231999999994	10.856101184999993	-0.010976052	-0.005496505	0.003438801	9.0285720255	-398.940696815877	-1232.180213266018	0.0007237376330522	1.8998112867620875	15.626113025308088	-1.086136034	-0.853253868	0.0056898579999997	14.938722178999395	10.978978538546002
262	12	Real	-1303.466196308265	-1702.413170751238	0.0061883220021172	16.247439416558905	0.0029105320021172	7.641601771558923	919.0741943167432	-1303.695104190218	-1703.031268076325	0.0062835969849857	16.497583884079972	0.0039690069849857	10.420627839079993	1253.3144780093985	0.10363782	0.12076787	0.0023145899999999	6.0769560449999815	0.0009632	2.5288816000000005	8.605837644999982	-0.014450651	-0.009050509	0.003359396	8.820094198000001	-398.940768873023	-1303.466007523108	0.0002060331049733	0.540836900555064	16.78827631711397	-1.371875614	-1.140281924	0.0044013819999999	11.555828440999878	13.718557816558905
170	21	Real	-1517.293116107541	-1916.238510093684	0.0046078651721472	12.097950009472695	0.0017804251721473	4.6745062894727365	562.2143406917232	-1517.691869292507	-1917.027363256497	0.0056136748680728	14.738703366125264	0.0039494348680728	10.369241246125304	1247.1340863938228	0.18221954	0.19869924	0.0016642399999999	4.3694621199999615	0.0011631999999999	3.0539815999999997	7.423443719999961	-0.021357863	-0.015484693	0.003832424	10.062029212000002	-398.940747376305	-1517.292789647004	0.0003652052030247	0.958663657939951	13.056613667412648	-2.223822577	-1.991260669	0.0053695999999998	14.09788479999964	9.043968409472697
37	15	Real	-1374.746073361022	-1773.692765617336	0.0059061353429115	15.506558342814174	0.0024294153429115	6.378429982814167	767.1494239963204	-1375.030946810605	-1774.367133381169	0.0063062814419936	16.557141925954284	0.0038503614419936	10.10912396595428	1215.849142890116	0.12996569	0.14723707	0.00245592	6.448017960000006	0.0010208	2.6801104000000007	9.128128360000009	-0.015993287	-0.01059102	0.0033615209999999	8.825673385499998	-398.940761644795	-1374.745573499873	0.0005243373249186	1.3763854779114126	16.882943820725586	-1.653180695	-1.420782256	0.005206131	13.668696940500007	12.826447942814173
158	9	Real	-1232.182035077201	-1631.128544581849	0.0057233836769228	15.026743843760867	0.0023238636769228	6.1013040837608745	733.8188121677026	-1232.352346055239	-1631.688503658503	0.0062773141419256	16.48108827962585	0.0037529941419256	9.853486119625856	1185.1029518852906	0.0763413	0.09368108	0.0025243199999999	6.627602159999996	0.0008751999999999	2.297837599999999	8.925439759999994	-0.010593999	-0.005673321	0.002879932	7.561261466	-398.940740268889	-1232.181794448569	0.0002864807138962	0.7520118739776649	15.778755717738532	-1.084011059	-0.852408365	0.0044103860000002	11.579468443000552	12.728906243760868
87	24	Real	-1588.578780693864	-1987.525248318889	0.0056815040541096	14.91678889406478	0.0024397640541096	6.405600524064759	770.4172916575193	-1589.036799471098	-1988.372159661568	0.0054799013480533	14.387480989313984	0.0036797613480533	9.661213419313968	1161.9778424630806	0.2103865	0.2270021	0.00180014	4.72626757000002	0.0014416	3.7849208000000014	8.51118837000002	-0.028970532	-0.02116218	0.005767606	15.142849553000003	-398.940746994413	-1588.578506959416	0.0003128610059661	0.8212601406611952	15.738049034725975	-2.52461209	-2.290652623	0.0067671590000002	17.767175954500644	11.131868094064778
149	9	Real	-1232.181758990041	-1631.128208189035	0.0056630780227351	14.868411348691096	0.0023364680227351	6.134396793691085	737.7989535864907	-1232.352898359429	-1631.689011116472	0.0062324679211087	16.36334452687106	0.0036434579211087	9.565898771871048	1150.5141159533814	0.07642041	0.09382488	0.00258901	6.797445755000012	0.0007376	1.9365688000000003	8.734014555000012	-0.009791391	-0.005524525	0.00222612	5.84467806	-398.9407425071	-1232.181720609425	8.199448711820878e-05	0.215235528685298	15.083646877376394	-1.084700424	-0.854139269	0.0033688469999999	8.844907798499875	12.931842548691096
372	12	Real	-1303.454997903712	-1702.401035053138	0.0052510284549498	13.786575208470822	0.0009850884549498	2.586349738470826	311.0666288517499	-1303.683154626533	-1703.019684920033	0.0066500043778887	17.459586494146947	0.0036368643778887	9.54858742414695	1148.4320376878952	0.10187351	0.11970211	0.0030131399999999	7.910999069999998	0.0012527999999999	3.2892263999999978	11.200225469999996	-0.015463342	-0.009539201	0.0038833949999999	10.1958535725	-398.940651042727	-1303.4523541167	0.0027788652559479	7.294521296863365	21.081096505334187	-1.374634833	-1.141544165	0.0058983599999999	15.486144179999975	10.497348808470825
101	9	Real	-1232.188364475421	-1631.134338163838	0.005187567446228	13.619958330071768	0.001883517446228	4.945175055071767	594.7683372367286	-1232.359914166232	-1631.695895713745	0.0061012583907995	16.01885390504424	0.0036260083907995	9.52008503004424	1145.0039848163697	0.07729703	0.09458774	0.00247525	6.498768875	0.0008288	2.176014400000001	8.674783275000001	-0.009967272	-0.005910992	0.0020155339999999	5.291784516999998	-398.940689801945	-1232.188202421712	0.0002583727348905	0.6782284290878238	14.298186759159591	-1.085137067	-0.853812478	0.0041322809999999	10.849303765499895	11.443943930071766
10	21	Real	-1517.28869718337	-1916.234900979376	0.0054176750350052	14.224105804406236	0.0019703650350052	5.173193399406203	622.1926629701877	-1517.689395849178	-1917.02485784934	0.0055817110398947	14.654782335243794	0.0036256010398947	9.51901553024376	1144.875353451267	0.18176154	0.19853311	0.00195611	5.135766805000033	0.0014912	3.9151456	9.050912405000032	-0.027450575	-0.020102247	0.005307582	13.935056541000003	-398.940742555934	-1517.288293013298	0.0004477351089917	1.1753046611033824	15.399410465509618	-2.237545524	-2.003054514	0.0072987020000003	19.16274210100099	10.308960204406237
369	21	Real	-1517.289974501858	-1916.235957406033	0.0051967832039281	13.644154301913318	0.0016782232039281	4.406175021913319	529.9414807711714	-1517.691026322612	-1917.026484426788	0.005577815054039	14.644553424379636	0.003558455054039	9.342723744379638	1123.6723078200794	0.1818773	0.19871212	0.0020193599999999	5.301829679999999	0.0014991999999999	3.9361495999999994	9.23797928	-0.02649196	-0.019354911	0.005096303	13.3803435265	-398.940729558815	-1517.28973759529	0.0002934687240099	0.7703554005260571	14.414509702439377	-2.235673438	-2.001261729	0.0072194010000004	18.954537325501057	9.708004701913321
287	18	Real	-1446.015964343791	-1844.961702666638	0.0049522018759944	13.002006025423384	0.0014434318759944	3.789730390423393	455.80017244807294	-1446.357871995566	-1845.693686838993	0.0059345543049857	15.581172327740203	0.0035521843049857	9.326259892740214	1121.6921599880934	0.15631702	0.17351485	0.0023823699999999	6.254912434999991	0.0011264	2.9573632	9.21227563499999	-0.022162473	-0.015826415	0.0042953119999999	11.277341655999995	-398.940732997345	-1446.015078221441	0.000939245976042	2.4655206871102564	15.46752671253364	-1.94916373	-1.715606897	0.0063645249999999	16.71006038749988	10.044642825423384
7	27	Real	-1659.850893314967	-2058.796803113399	0.0051236774611425	13.45221517422965	0.0017519774611424	4.599816824229618	553.2312554506476	-1660.364326718271	-2059.699710262193	0.00550325480026	14.44879547808273	0.00352995480026	9.267896328082696	1114.6726308672871	0.2353888	0.25217756	0.0019733	5.180899150000034	0.0013983999999999	3.671499199999998	8.852398350000032	-0.03308257	-0.025785644	0.0052561799999999	13.800100589999998	-398.940744401711	-1659.850719399421	0.0002156348058974	0.5660413654808849	14.018256539710537	-2.810333558	-2.576206518	0.0069347320000003	18.207138866001017	9.780715974229654
207	18	Real	-1446.015602217667	-1844.9612974875	0.0049091488617705	12.888970336578495	0.0012355288617705	3.243881026578471	390.1495301754995	-1446.35784837421	-1845.693480678884	0.0057520155519341	15.101916831603148	0.0033807955519341	8.876278721603125	1067.5718204723958	0.15517158	0.17235826	0.00237122	6.225638110000023	0.0013024	3.4194512000000006	9.645089310000024	-0.021697369	-0.014971354	0.004685269	12.301173759500006	-398.940743825922	-1446.015193721533	0.0004507911829705	1.1833268552976506	14.072297191876146	-1.948235748	-1.714072838	0.0069706019999999	18.30131555099998	9.469519136578494
299	15	Real	-1374.74257372985	-1773.688553908319	0.0051940574978743	13.636997960669191	0.0020480674978744	5.377201215669243	646.7291835808425	-1375.027881297805	-1774.363317941061	0.0055563541341143	14.588207779117283	0.0033623641341143	8.827887034117333	1061.7516334857926	0.12956949	0.14657894	0.0021939899999999	5.76032074499995	0.0009519999999999	2.499475999999999	8.25979674499995	-0.017082508	-0.011614837	0.003426925	8.997391587500003	-398.940750256706	-1374.742324195234	0.0002853988809192	0.7491720624130949	14.386170023082286	-1.658133381	-1.426456196	0.0044848770000001	11.775044563500288	11.137521960669192
293	18	Real	-1446.012292283029	-1844.956860125368	0.0037817213681137	9.928909451982577	0.0002500613681137	0.656536121982593	78.96321025217377	-1446.354865813471	-1845.690375400951	0.0056292983581442	14.779722839307851	0.0033312383581443	8.74616630930787	1051.9228814049425	0.15618989	0.17330341	0.0022980599999999	6.03355652999998	0.0012336	3.2388168000000035	9.272373329999985	-0.023181598	-0.016039831	0.005101021	13.3927306355	-398.94070518763	-1446.011005014454	0.0013682019159659	3.5915300294107055	13.520439481393282	-1.951680896	-1.716827342	0.007661246	20.114601373000173	6.690092651982573
294	12	Real	-1303.462868760266	-1702.408859704664	0.0052048234272206	13.66526390816773	0.0020610834272206	5.411374538167756	650.8392929245854	-1303.691174695921	-1703.026573329775	0.005518344731854	14.488414093482902	0.003269004731854	8.582771923482927	1032.271037721219	0.10287559	0.11994039	0.0022493399999999	5.905642169999974	0.0008944	2.3482472	8.253889369999975	-0.014265165	-0.008964536	0.003259883	8.5588228165	-398.940752419892	-1303.4626242323	0.0002782290450227	0.730351243184657	14.395615151352388	-1.372400652	-1.140994775	0.004213569	11.062725409500072	11.317016708167731
36	15	Real	-1374.733226148716	-1773.678726137118	0.0047138674310645	12.376258940259843	0.0002522274310644	0.6622231202597938	79.64719948845567	-1375.017971526194	-1774.353846865032	0.0059950497159206	15.74000302914976	0.0031366097159206	8.23516880914971	990.463958289675	0.12963438	0.14730828	0.00285844	7.504834220000051	0.0016032	4.2092016	11.714035820000053	-0.019282582	-0.013479874	0.003761962	9.877031231000002	-398.940645649408	-1374.729388021703	0.0039785985760545	10.44382126214316	22.820080202403005	-1.662899909	-1.428022536	0.0076850649999999	20.177138157499975	8.167057340259845
136	12	Real	-1303.455732045164	-1702.401490260035	0.0049720938998234	13.054232533986465	0.0019229338998234	5.048662953986469	607.2150807546336	-1303.684087598973	-1703.019145555125	0.0051776670300114	13.593964787295022	0.0030869070300114	8.104674407295025	974.7690764006684	0.10158413	0.11849035	0.0020907599999999	5.489290379999997	0.0009583999999999	2.516279199999999	8.005569579999996	-0.013485674	-0.008270062	0.003174866	8.335610683	-398.940745266616	-1303.455493410942	0.0002794885771209	0.7336575149423652	13.78789004892883	-1.370463155	-1.138505698	0.004765149	12.510898699500062	10.537953333986465
34	9	Real	-1232.187898594957	-1631.133297901767	0.0046131858389344	12.111919420122376	0.0014356058389344	3.769183130122376	453.3289030374031	-1232.358860629743	-1631.694183197154	0.0054422782889105	14.288701647534594	0.0030566982889105	8.025361357534594	965.2299013053796	0.07688699	0.09408803	0.00238558	6.26334029	0.000792	2.0793960000000005	8.342736290000001	-0.009548382	-0.005447773	0.0020598629999999	5.408170306499996	-398.940681050646	-1232.187745614905	0.0002580503769991	0.6773822396226592	12.789301659745036	-1.084290749	-0.853078046	0.0040203949999999	10.55554707249988	10.032523420122375
314	15	Real	-1374.728265431386	-1773.673798182234	0.0047466298769904	12.462276742038512	0.0015007498769904	3.9402188020385314	473.8997829477933	-1375.013123277683	-1774.34772546046	0.0047218936549597	12.397331791096915	0.0029688136549597	7.794620251096938	937.4781022932622	0.126583	0.14315154	0.0017530799999999	4.602711539999979	0.0014928	3.919346400000001	8.52205793999998	-0.019535242	-0.012408949	0.005085547	13.352103648500004	-398.94074759889	-1374.726996754294	0.0013071991729134	3.4313978288977864	15.893674570936298	-1.654697429	-1.422639534	0.004865587	12.774598668500158	8.54293034203851
31	12	Real	-1303.461340684211	-1702.406519026626	0.0043922214440499	11.53177740135311	0.0010596814440499	2.7821936313530897	334.6212543665916	-1303.689676928168	-1703.024823814297	0.0052665970069938	13.827450441862313	0.0029244570069938	7.678161871862289	923.4713672832168	0.102583	0.1197406	0.00234214	6.149288570000022	0.0009903999999999	2.6002951999999993	8.74958377000002	-0.013818607	-0.008328364	0.003449497	9.056654373500002	-398.940704688848	-1303.461268984935	0.0001531313990881	0.4019699226063267	11.933747323959436	-1.371926441	-1.139088229	0.005645904	14.823320952000238	8.93148220135311
95	6	Real	-1160.906801603102	-1559.853189498677	0.0056017746039742	14.707459222734428	0.0012463246039742	3.2722252477344287	393.55855919862967	-1161.019965391666	-1560.356347998891	0.0065023181030028	17.071836179433944	0.0029228681030028	7.673990204433945	922.9696306061064	0.04895226	0.06734717	0.0035794499999999	9.397845975	0.000776	2.0373880000000004	11.435233975	-0.007313063	-0.003091641	0.0021806759999999	5.725364837999998	-398.940720145071	-1160.906553062842	0.0003145161599036	0.8256049197470361	15.533064142481464	-0.796849093	-0.56634396	0.0033128249999999	8.697822037499904	12.670071222734428
148	6	Real	-1160.906811515588	-1559.853157075738	0.0055594391790236	14.596307564526684	0.0011776291790236	3.0918654095266773	371.8662389307978	-1161.01997302952	-1560.356300915831	0.0064475971889805	16.928166419668514	0.0028369871889805	7.448509864668509	895.8505569093484	0.04895737	0.06738344	0.00361061	9.479656555000004	0.0007712	2.0247856	11.504442155000005	-0.007251596	-0.003091974	0.0021188759999999	5.563108937999999	-398.94071761797	-1160.906578404844	0.0003016137451368	0.7917360809841512	15.388043645510836	-0.796833279	-0.566342518	0.0032984529999999	8.660088351499946	12.571521964526685
80	21	Real	-1517.298865922184	-1916.243250169185	0.0035981260302833	9.446879892508832	0.0008840560302833	2.3210891075088167	279.1630819288088	-1517.698452081711	-1917.0326086783	0.0042763074670801	11.227445254819033	0.0028086374670801	7.374077669819015	886.8984142097465	0.18204388	0.19832701	0.00146767	3.853367585000015	0.0012464	3.2724232	7.1257907850000155	-0.02454888	-0.017607829	0.004900305	12.865750777500002	-398.940751773821	-1517.298146885797	0.0007533835369599	1.9776317845199287	11.42451167702876	-2.231175192	-1.997478678	0.0065042059999997	17.07679285299945	6.17445669250883
71	9	Real	-1232.181459438726	-1631.126211695473	0.0039661357759541	10.413089479767676	0.0001816957759541	0.4770422597676579	57.375043041735935	-1232.351724677863	-1631.687122799827	0.0055178328418605	14.487070126304957	0.0026805928418605	7.03789650630494	846.4650808278459	0.07478393	0.09243663	0.00283724	7.449173620000017	0.0009472	2.4868736000000022	9.93604722000002	-0.010396176	-0.005154831	0.003200599	8.4031726745	-398.940688890567	-1232.181021236593	0.0005354325369353	1.4055104094552462	11.818599889222922	-1.083501339	-0.850917115	0.0053919159999999	14.15647545799999	7.926215879767673
30	15	Real	-1374.732313688257	-1773.677230260057	0.0041304508290522	10.84449865167676	0.0011964808290522	3.1413604166767284	377.8191248805003	-1375.016505128488	-1774.35114098528	0.0047555676699175	12.485742917368611	0.0026631976699175	6.99222548236858	840.972114721688	0.12721363	0.14412146	0.00209237	5.493517435000031	0.0008415999999999	2.2096207999999993	7.70313823500003	-0.014870541	-0.010705437	0.002124358	5.577501928999999	-398.940719987809	-1374.732215159856	0.0001646615629056	0.4322366026272561	11.276735254304016	-1.652921327	-1.421850156	0.0038788629999999	10.18395480649988	8.63487785167676
42	12	Real	-1303.459756632895	-1702.403907787455	0.0033650335890342	8.83489568800951	0.0003124535890342	0.8203468980095098	98.66513420713343	-1303.687517539443	-1703.022077612626	0.0046797840609542	12.286773052035414	0.0025056040609542	6.578463462035415	791.2079413396206	0.10201689	0.11900653	0.0021741799999999	5.708309589999999	0.0008784	2.3062392000000016	8.014548790000001	-0.01196219	-0.007754432	0.0021670119999999	5.689490005999999	-398.940662977409	-1303.459294959956	0.0005848165010888	1.5351433153583116	10.370039003367822	-1.368173845	-1.13609718	0.0048843570000001	12.823879303500307	6.528656488009508
59	6	Real	-1160.905974656162	-1559.852062916786	0.0053021396529402	13.920767658794604	0.0008687796529402	2.280980978794613	274.3391788800061	-1161.020062687251	-1560.356135027048	0.0061920506748265	16.25722904675706	0.0024930906748265	6.545609566757071	787.2565227449625	0.0493626	0.06787702	0.0036989599999999	9.711619479999989	0.0007344	1.9281672000000003	11.639786679999991	-0.007006459	-0.003175559	0.0017901539999999	4.7000493269999986	-398.940700333522	-1160.905858077769	0.0002023658420853	0.5312103354739861	14.45197799426859	-0.798563627	-0.567996413	0.003374906	8.860815703000029	11.992600458794604
27	6	Real	-1160.905966822638	-1559.852072359562	0.0053194159531813	13.966126585077518	0.0008721359531813	2.2897929450775294	275.39901568568223	-1161.02006481655	-1560.356143371144	0.006198265471994	16.273545996720486	0.002480585471994	6.512777156720497	783.3076882330475	0.04937209	0.06790523	0.0037176799999999	9.760768839999988	0.0007296	1.9155648	11.67633363999999	-0.007005002	-0.003176934	0.0017873219999999	4.692613910999998	-398.940699684723	-1160.905860256401	0.000193002485048	0.5066315232511442	14.472758108328662	-0.798599184	-0.568018293	0.003388583	8.8967246665	12.050561785077518
458	12	Real	-1303.459524143683	-1702.405200271159	0.0048900065050929	12.838712079121592	0.0015214465050929	3.994557799121584	480.4352674518358	-1303.687418210883	-1703.021897545299	0.0045990452940714	12.074793419584466	0.0023488852940713	6.166998339584459	741.7200215014601	0.10326866	0.12033428	0.00225016	5.907795080000008	0.0011184	2.9363592	8.844154280000009	-0.016308186	-0.009840159	0.004427281	11.6238262655	-398.940761272687	-1303.459200384249	0.0003486077179672	0.915095259664156	13.753807338785748	-1.374801009	-1.142528509	0.005080192	13.338044096000248	9.902352879121592
428	15	Real	-1374.737374054834	-1773.681930917066	0.003770741261178	9.90008118122296	0.001113001261178	2.922184811222923	351.4583370485474	-1375.022971703612	-1774.356893080278	0.0040410875440102	10.609875346798844	0.0023401475440102	6.144057376798809	738.9608556198323	0.12915769	0.14567409	0.00170094	4.465817970000035	0.0009567999999999	2.5120783999999996	6.977896370000035	-0.018149307	-0.012478904	0.0036296569999999	9.5296644535	-398.940763397497	-1374.737189553525	0.0002072247829119	0.543965055143758	10.444046236366718	-1.660388683	-1.428506511	0.0046898640000001	12.313237932000408	7.38800278122296
109	9	Real	-1232.178040941171	-1631.123265944887	0.0044388827450347	11.654286647088838	0.0013200127450347	3.4656934620888347	416.8274560280178	-1232.349868164929	-1631.684294843571	0.004546389520101	11.93654568502518	0.002253119520101	5.915565300025175	711.4795529235724	0.07620708	0.09331581	0.00229327	6.020980385000005	0.0008255999999999	2.1676127999999992	8.188593185000004	-0.011043454	-0.005994133	0.0030085749999999	7.899013662499999	-398.940760963765	-1232.177828292683	0.0002378056940415	0.6242399468590065	12.278526593947843	-1.085996538	-0.854511468	0.0042927620000001	11.270646631000451	9.486673847088838
167	9	Real	-1232.185076133441	-1631.129730654706	0.0038684002940954	10.156484972147496	0.0007326802940954	1.9236521121474963	231.36235935479604	-1232.355797869043	-1631.69023295438	0.0045547962149612	11.958617462380744	0.0022398762149612	5.8807950023807445	707.2976439143059	0.07596937	0.09309975	0.00231492	6.077822459999999	0.0008207999999999	2.1550103999999997	8.23283286	-0.009304758	-0.005310302	0.0019537099999999	5.129465604999997	-398.940720741382	-1232.185030462184	0.000111050846101	0.2915084710153337	10.44799344316283	-1.083184327	-0.852328636	0.0036633829999999	9.618212066499762	8.001474572147496
83	6	Imaginary	-1160.904163159438	-1559.849404905066	0.0044556246571119	11.698242537247324	0.0003263546571119	0.8568441522473489	103.05474852310849	-1161.017620161283	-1560.352967008552	0.0054665581469635	14.352448414852688	0.0020252881469635	5.317394029852712	639.5360266012075	0.04879734	0.06705407	0.0034412699999999	9.035054384999976	0.0006879999999999	1.8063439999999988	10.841398384999977	-0.00688898	-0.003100746	0.001747488	4.588029744000001	-398.940673328975	-1160.90407766591	0.0001982855238793	0.5204995001832913	12.218742037430616	-0.798542987	-0.567364454	0.003986225	10.465833737500024	9.891898537247325
139	6	Real	-1160.902198834885	-1559.847413592247	0.0044286363909122	11.627384844340211	0.0005916363909122	1.5533413443401938	186.82417472496817	-1161.016020040742	-1560.351046273347	0.0051459434830576	13.510674614767822	0.0020097434830576	5.276581514767803	634.6274052753346	0.04870719	0.06665885	0.0031362	8.234093100000019	0.0007007999999999	1.8399504	10.074043500000018	-0.006891649	-0.003179333	0.0016715699999999	4.3887070349999995	-398.940713716059	-1160.902110534418	0.0001607053790166	0.4218516199188116	12.049236464259025	-0.796457214	-0.566230388	0.0030345179999999	7.967127008999963	9.787434444340214
186	6	Real	-1160.90220148621	-1559.847416378594	0.0044287714131314	11.627739345176678	0.0005871714131314	1.5416185451766826	185.414244906793	-1161.016021745703	-1560.351044082805	0.0051420479799162	13.500446971270094	0.0019996479799162	5.250075771270098	631.4394944710073	0.04869984	0.0666577	0.0031423999999999	8.250371199999996	0.0006992	1.8357496	10.086120799999996	-0.006889253	-0.003178768	0.001669739	4.3838997445	-398.940714677166	-1160.902112982712	0.0001599473030751	0.4198616705721747	12.047601015748851	-0.79644245	-0.566227256	0.003022886	7.9365871930000065	9.791989745176677
45	6	Real	-1160.904152734329	-1559.849401008404	0.0044621531039865	11.715382974516729	0.0002304331039865	0.6050021145167286	72.765088731646	-1161.017609224286	-1560.352981956456	0.0054924430480696	14.42040922270678	0.0019519230480696	5.12477396270678	616.3691385175762	0.04880406	0.06716004	0.00354052	9.29563526	0.0006911999999999	1.8147455999999995	11.11038086	-0.006892995	-0.003099454	0.0017527949999999	4.601963272499999	-398.940670763183	-1160.904067899185	0.0002001929319703	0.5255064464222414	12.24088942093897	-0.798563407	-0.567352032	0.0040190669999999	10.552060408499967	9.900637374516728
210	18	Real	-1446.011665097112	-1844.955957586949	0.0035063688660557	9.205971457829264	0.0004898888660557	1.2862032178292664	154.69481680578056	-1446.355207587803	-1845.688906633466	0.0038187565410225	10.02614529845482	0.0018694765410225	4.908310658454823	590.3345658060069	0.15510541	0.17187015	0.0019492799999999	5.117834639999998	0.0010671999999999	2.801933599999999	7.919768239999998	-0.021698202	-0.016291507	0.003365949	8.837299099500001	-398.940722280337	-1446.011106516792	0.0006224209538459	1.6338550038454969	10.83982646167476	-1.949103868	-1.716927973	0.0049835869999999	13.08440766849974	6.4040378578292625
66	15	Real	-1374.715353146815	-1773.659247698833	0.0031084310471669	8.161185714336852	0.0008694610471669	2.282769979336856	274.5543463646707	-1375.000472110358	-1774.332760671578	0.0024082720979095	6.3229183930614	0.0011725020979095	3.078404258061403	370.24723321611	0.12602556	0.14207679	0.0012357699999999	3.244514134999997	0.0010031999999999	2.6339015999999993	5.878415734999996	-0.020415268	-0.014810167	0.0035643549999999	9.358214052499996	-398.940755432717	-1374.715002748901	0.0003810861679198	1.0003511907896725	9.161536905126525	-1.662443622	-1.431337378	0.003913936	10.276038968000018	5.527284114336853
135	6	Imaginary	-1160.908885137403	-1559.853411896214	0.0037406378398827	9.8210446486122	-0.0004473021601172	-1.1743918213878046	-141.24698581799765	-1161.02250117468	-1560.356897873782	0.0045164099799421	11.8578344023382	0.0010900699799421	2.861978732338194	344.2172042208857	0.04895927	0.06720107	0.00342634	8.995855670000005	0.0007616	1.999580800000001	10.995436470000003	-0.006718075	-0.002753231	0.001924098	5.051719299	-398.940721787943	-1160.908575183162	0.0003742872691532	0.9825040815272246	10.803548730139424	-0.795761742	-0.564985675	0.003583759	9.409159254500198	7.821463848612199
132	12	Real	-1303.464917033673	-1702.408097646295	0.0023944916508753	6.286737829373237	-0.0009223683491246	-2.4216781006267794	-291.26116693385404	-1303.69305832033	-1703.026040949628	0.0031023401759284	8.145194131900212	0.0009934801759284	2.6083822019001963	313.71652728672564	0.10302106	0.11994538	0.00210886	5.536811930000015	0.001208	3.171604000000001	8.708415930000017	-0.014555981	-0.008625911	0.003889324	10.211420162000003	-398.940728055286	-1303.4644412363	0.0005338630579103	1.401390527014712	7.688128356387949	-1.373573267	-1.140509625	0.005871334	15.415187417000162	3.115133829373236
23	12	Real	-1303.469183152839	-1702.412728458727	0.0027591849170676	7.244239999761021	-2.5225082932376058e-05	-0.0662284552389533	-7.965458808142785	-1303.696843204221	-1703.029322504487	0.0025990111439568	6.823703758458805	0.0007378011439568	1.9370969034588317	232.97939739362877	0.10296882	0.11964549	0.0018612099999999	4.8866068549999735	0.0009232	2.423861600000001	7.310468454999974	-0.013099436	-0.00794928	0.00310941	8.163755955000005	-398.940758775606	-1303.468980677403	0.000229820800996	0.603279602614748	7.847519602375769	-1.369028501	-1.137428245	0.0044079480000001	11.573067474000275	4.820378399761021
82	3	Real	-1089.625998209557	-1488.571928516677	0.0051441861487546	13.506060733555389	-0.0012163238512453	-3.1934582714446127	-384.0850616994842	-1089.682545702742	-1489.018516763061	0.006090771197023	15.991319777784042	0.000309461197023	0.8124903727840435	97.7202106416842	0.02032688	0.04092365	0.00578131	15.178829404999998	0.0005792	1.5206896000000003	16.699519005	-0.004363648	-0.000847305	0.001475597	3.874179923500001	-398.940693799632	-1089.62598265255	0.0001078783461139	0.2831806585490426	13.789241392104431	-0.512700684	-0.282272935	0.003235441	8.49465034550016	11.985371133555388
15	3	Real	-1089.625997656661	-1488.571928248704	0.0051444710720716	13.506808799724013	-0.0012215389279283	-3.207150455275981	-385.7318542436976	-1089.682544828612	-1489.018518662479	0.0060935447449992	15.998601727995492	0.0003083347449992	0.8095328729954995	97.36450488566526	0.02032595	0.04092662	0.0057852099999999	15.189068854999991	0.0005808	1.524890400000001	16.713959254999992	-0.004366727	-0.000847305	0.001478676	3.882263838	-398.940693220522	-1089.625981990471	0.0001085666389144	0.2849874271504404	13.791796226874451	-0.512712555	-0.282273741	0.0032465059999999	8.523701502999954	11.98191839972401
129	3	Real	-1089.623409872881	-1488.567737896459	0.0035419026069121	9.299265294447764	-0.0016605373930878	-4.359740925552231	-524.356738072235	-1089.680208152668	-1489.014593060539	0.0045046187490243	11.826876525563309	-0.0001778212509756	-0.4668696944366871	-56.151563650217064	0.02082909	0.04032699	0.0046824399999999	12.293746219999994	0.00052	1.3652600000000008	13.659006219999997	-0.004246234	-0.000847413	0.0013580749999999	3.5656259124999994	-398.940728885971	-1089.623404433465	6.2674415858055e-05	0.1645203416273943	9.463785636075158	-0.511851793	-0.281905308	0.002754177	7.231091713500064	7.934005294447763
32	3	Real	-1089.623430635444	-1488.567751372713	0.0035346162978839	9.280135090094404	-0.001661253702116	-4.361621594905589	-524.5829307897287	-1089.680229169596	-1489.014595881474	0.0044864227559173	11.779102945661066	-0.0001910472440826	-0.5015945393389284	-60.3280059466586	0.02083077	0.0403237	0.0046774699999999	12.280697484999994	0.0005183999999999	1.3610591999999997	13.641756684999994	-0.004243404	-0.000847409	0.001355249	3.5582062495000004	-398.940729623456	-1089.623425313879	6.181908014468718e-05	0.1622750853798038	9.442410175474208	-0.511834266	-0.281900502	0.0027414559999999	7.197692727999936	7.919075890094405
