Folder,H2O_mol_pre_REACT,H2O_mol_pre_PROD,H2O_mol_NEB,react_freq,prod_freq,Opt_method,N_images,CI_image,inter_min,OPT_TS,Freq_TS,N_imm_freq,Freq_imm_TS,react_to_prod,prod_to_react,BE0_post_react,BE0_post_prod,r_to_p_barrier,react_to_prod_ZPE,p_to_r_barrier,prod_to_react_ZPE,Distance
0_42,7,4,7.0,Real,Real,FIRE,5,3,False,False,True,1,-57.3,15.218972698693165,0.0491960073896962,23.43905515900036,7.716768423680695,15.22976,14.315223088724338,0.0418400000000005,0.5921756624127283,3.659983218591977
0_369,7,7,9.0,Real,Real,FIRE,5,4,False,True,True,1,-80.11,14.879706944509508,4.422162463834638,20.485518321544333,7.664032455473395,16.861520000000002,14.664415944456096,6.401520000000001,3.639317128963512,4.20656566120818
1_20,5,8,9.0,Real,Real,FIRE,5,3,False,False,True,1,-104.31,10.423223373967858,6.696010224684414,15.483879916906709,16.60763487300295,10.418160000000002,6.119503774565828,6.694400000000002,3.8024991852560106,4.435437114831156
1_121,5,10,12.0,Real,Real,FIRE,5,4,False,False,True,1,-138.6,13.048928398930911,7.979685547235476,17.33561314699822,15.06989026698828,13.05408,9.304545319095723,7.991440000000001,5.797343692530831,4.394347247007553
1_180,5,5,8.0,Real,Real,FIRE,5,3,False,True,True,1,-178.95,17.943297737238254,18.25770459142302,17.908228645081177,22.504422042583165,20.37608,13.33649041738363,20.710800000000003,13.559556126043844,3.700490056413754
1_210,5,6,7.0,Real,Real,FIRE,5,4,True,False,True,1,-121.77,18.167521228411378,0.9374110509572802,14.869698351122508,3.977409314116524,18.15856,12.409957258447434,0.9204800000000012,-1.5846442493015047,3.5776352158921756
1_372,5,4,8.0,Real,Real,FIRE,5,4,False,False,True,1,-145.71,16.673438771289852,9.742918905930424,17.91376261561978,11.528465858511211,16.65232,13.23797202115827,9.70688,7.1852618254869185,3.899553929560311
2_164,3,7,7.0,Real,Real,FIRE,5,3,False,False,True,1,-85.16,4.313547700111144,11.52803227027755,17.152499998894662,26.585196947315826,4.30952,0.2075282505383029,11.506,7.934247870515833,4.699459334146281
2_204,3,8,9.0,Real,Real,FIRE,5,2,False,False,True,1,-85.49,12.256915319763038,10.636406940053348,14.451986983334372,12.919410943590409,12.25912,9.524925040714834,10.62736,9.061868335754298,5.067761504982262
2_326,3,11,11.0,Real,Real,FIRE,5,2,False,False,True,1,-119.22,5.9101289544257725,15.072632384744338,17.230220968035166,20.210894047195595,5.89944,2.2616553901573297,15.0624,11.258883595400675,4.978697730309079
2_428,3,5,7.0,Real,Real,FIRE,5,3,False,False,True,1,-34.05,15.32128069903422,11.752472974206851,15.663482005160574,13.769557793626324,15.313440000000002,12.56035740912182,11.757040000000002,10.326642689078652,3.8267460201362775
2_429,3,4,4.0,Real,Real,FIRE,5,2,True,False,True,1,-238.13,10.459279898718703,12.753191989988863,16.2672060972217,19.376350323372243,10.46,6.5660834784354165,12.7612,8.865902944914524,4.534417372947325
4_18,8,4,11.0,Real,Real,FIRE,5,4,False,False,True,1,-136.1,14.024812854954916,4.629724403157525,30.687264583738852,20.768174319918195,14.0164,10.312329599457144,4.602400000000001,0.1293285976491915,2.593541625038287
4_63,8,5,10.0,Real,Real,FIRE,5,3,False,True,True,1,-136.34,25.18256394759987,16.157133122585492,31.282152970958595,22.196846638909488,30.04112,21.578986432531565,21.00368,13.679422516984914,2.4412660361517395
4_64,8,6,11.0,Real,Real,FIRE,5,2,False,False,True,1,-91.68,28.583662839948374,12.486591406357777,27.07798511681979,13.11269345183649,28.57672,23.439678220196356,12.468320000000002,10.381334231912206,4.89931476646322
4_66,8,5,11.0,Real,Real,FIRE,5,2,False,True,True,1,-65.04,33.94679685804749,-2.670227836839331,32.06103424138851,4.271550674135788,45.56376,29.50796902832394,8.953760000000003,-0.1789696524310784,5.024811888870779
4_271,8,9,12.0,Real,Real,FIRE,5,3,False,False,False,0,0.0,21.204212981763703,19.300269537020313,31.01600660781715,29.9842909312362,21.21288,17.278985462934315,19.28824,16.67579348259619,4.826822191091817
5_30,9,5,10.0,Real,Real,FIRE,5,2,False,False,True,1,-143.46,21.25777582823343,2.05806322693752,26.60247389284222,8.039227138357575,21.25472,15.843469727755064,2.0501600000000018,1.320376492071773,2.9688723858160593
5_67,9,6,11.0,Real,Real,FIRE,5,3,False,False,True,1,-95.86,17.335126061083656,7.214129358936134,26.008630425626052,17.861354073482193,17.321759999999998,13.65947857025708,7.1964799999999975,3.97872570871732,3.852969090615455
5_69,9,5,10.0,Real,Real,FIRE,5,3,False,False,False,0,0.0,17.704676917468532,7.665258456378751,24.690185763231128,14.19909243437645,17.698320000000002,15.154686297137005,7.656720000000002,6.074573025911604,4.031602426214189
5_111,9,3,10.0,Real,Real,FIRE,5,3,False,False,True,1,-168.46,24.83383425370539,8.520035714209826,26.660457711186147,11.524143772542883,24.852960000000003,20.183601163429103,8.535360000000004,6.195260484043956,4.288559922331446
5_231,9,4,11.0,Real,Real,FIRE,5,2,True,False,True,1,-170.14,22.22715256718243,11.061233938452917,24.914979705321404,14.40206889445783,22.21704,17.814789776962243,11.04576,7.7042433831918515,4.007099962394541
6_76,3,5,7.0,Real,Real,FIRE,5,4,True,False,True,1,-67.34,10.29670423398204,25.388968388567378,13.701470742343272,29.1331781097388,10.29264,6.30418514900623,25.396880000000003,21.970856193771056,4.637223386681856
7_23,9,4,9.0,Real,Real,FIRE,5,4,False,False,True,1,-129.11,12.285260123361924,4.087760245334721,9.34154039417768,3.385514565323277,12.30096,9.330049833343082,4.10032,2.740432410396352,2.895517104027885
7_80,9,7,13.0,Real,Real,FIRE,5,2,False,False,True,1,-86.1,10.357792464114482,7.566021345188347,9.778179050406672,8.169855130365978,10.37632,7.809587184005295,7.573039999999999,5.435060525350991,4.974151856376345
7_169,9,11,11.0,Real,Real,FIRE,5,4,False,False,True,1,-109.97,3.862311912861287,4.922815808214409,9.913161529564348,10.838071351016474,3.84928,2.2397004021404427,4.8952800000000005,3.174810417117669,1.0695571500965475
7_239,9,8,15.0,Real,Real,FIRE,5,4,False,True,True,1,-70.0,12.09111293114438,9.110348219026946,11.004266563657868,14.121701028603754,13.76536,8.90929573634844,10.794720000000002,7.110872439621744,4.487037039374478
7_242,9,9,15.0,Real,Real,FIRE,5,2,False,False,True,1,-36.61,11.951204494657532,9.718463374101248,10.883999915674334,10.242206628445173,11.96624,9.96443613458746,9.74872,8.097085848463848,4.695767572872873
7_458,9,4,11.0,Real,Real,LBFGS,8,5,False,False,False,0,0.0,6.015653560611327,2.2533928499451576,11.025455890600352,6.957137768326538,6.02496,6.177200575713869,2.25936,1.4864843010755069,4.534472506470929
8_15,8,1,8.0,Real,Real,FIRE,5,3,False,False,True,1,-33.72,16.401270879158687,8.722483256305168,17.42447093062087,6.855768546307969,16.40128,16.50581828911561,8.70272,6.077186986184415,4.728224174903404
8_82,8,1,8.0,Real,Real,FIRE,5,3,False,True,True,1,-50.64,11.445630327601748,3.959480856355185,17.42432388965413,6.955250369144226,18.53512,12.444212997581872,11.045759999999998,2.292445886809105,4.724820649562128
8_83,8,2,8.0,Real,Real,FIRE,5,3,False,True,True,1,-122.57,12.664118628641518,4.523951948333661,17.4241199614287,7.291280712722551,18.45144,12.661939464002216,10.292640000000002,1.8922295135338345,4.813608449964353
8_85,8,8,10.0,Real,Real,FIRE,5,2,False,False,True,1,-44.84,5.113596675809504,13.97429809578557,17.08558804467794,21.454053750364093,5.10448,4.613097611055309,13.97456,7.468860451232331,3.339918745568703
8_170,8,7,10.0,Real,Real,FIRE,5,5,False,False,False,0,0.0,5.880789551740918,0.4254723965450466,16.25133835743244,10.233234484133227,5.89944,5.908882401938627,0.4602399999999997,0.1380589124826201,1.8659341831557603
9_38,3,5,5.0,Real,Real,FIRE,5,2,False,False,False,0,0.0,16.505104660331426,2.7692474588766345,21.745936768690505,14.631475459954808,16.48496,13.798109140814176,2.761440000000002,2.358829299244235,4.564546106711231
9_41,3,7,8.0,Real,Real,FIRE,5,3,False,True,True,1,-79.43,18.93383885440107,3.138287917011894,21.632754965768303,12.383856895407153,19.70664,13.520504189394842,3.891120000000001,2.485457342003542,4.635562967586538
9_88,3,2,4.0,Real,Real,LBFGS,8,5,False,True,True,1,-277.63,31.12734898806673,21.327794116834525,22.329420001211936,14.772466434473456,33.681200000000004,26.016261882846607,23.890640000000005,18.66028611700267,4.888336833994905
10_92,7,9,10.0,Real,Real,FIRE,5,3,False,False,True,1,-131.84,7.130084685505153,5.840049080651397,11.447998287843216,13.438731596130804,7.1128,4.337524120866647,5.81576,2.8047610409839763,1.341938971979043
11_201,4,6,6.0,Real,Real,FIRE,5,5,False,False,True,1,-15.4,15.630828921640386,1.1414053519924892,17.737462394350977,11.93077714370006,15.64816,12.340919891762155,1.171520000000001,-0.1958405633056372,3.3219252866627578
11_262,4,4,6.0,Real,Real,FIRE,5,4,False,False,True,1,-16.75,16.061047407863953,8.158682052552422,17.737435774005604,11.974749791824696,16.06656,11.92325940816238,8.1588,6.020973697436602,4.936614987432963
12_105,4,6,6.0,Real,Real,FIRE,8,3,True,True,True,1,-213.17,-1.451369447490265,22.258353655335895,19.74214015280988,21.41267686545642,0.92048,-2.659519527162161,24.64376,18.420870345670096,3.053725362085414
12_164,4,7,7.0,Real,Real,FIRE,5,2,True,False,True,1,-77.48,10.1493610135185,15.153509820521547,20.971212577620065,27.15039894464265,10.16712,6.632188703043994,15.187920000000002,12.63673177556882,4.751599478677962
12_204,4,8,9.0,Real,Real,FIRE,5,3,False,False,False,0,0.0,11.50167437189043,8.779259778692676,14.282150610413584,13.08378058962979,11.506,8.663351341469024,8.7864,8.398378493314112,5.050830317691482
12_326,4,11,11.0,Real,Real,FIRE,5,3,False,False,True,1,-207.79,2.6993861356672824,7.76636425310312,20.54670916353887,17.498735791954488,2.67776,-0.1372565734211548,7.7404,5.155777093652887,5.036146902353379
12_428,4,5,7.0,Real,Real,FIRE,5,3,False,False,True,1,-66.11,15.241044248006348,14.405005534723388,15.66891526726236,15.150107703377154,15.22976,11.798173587971064,14.39296,10.812743924378765,3.7839958828676954
13_271,9,9,12.0,Real,Real,FIRE,5,3,False,False,True,1,-91.25,13.484720184841308,18.42194353162313,26.19055063869032,30.199697534239853,13.47248,10.889991044837643,18.4096,15.14487319648265,3.4980285080635625
13_432,9,9,10.0,Real,Real,FIRE,5,3,False,True,True,1,-133.37,16.89140101502653,16.897491681985912,26.26086779516416,26.10418025020715,17.82384,12.836815109765666,17.82384,12.545147821023193,1.8345245923467075
14_106,10,2,9.0,Real,Real,FIRE,5,2,True,False,False,0,0.0,13.355281128715887,4.491793634972055,25.050689396342136,16.2146208917839,13.34696,12.467048223221354,4.4768799999999995,1.764319214730449,4.966890827310615
14_274,10,6,11.0,Real,Real,FIRE,5,4,False,False,True,1,-76.6,16.993857881672966,16.719186260896777,24.321267014804334,21.94607173904992,16.98704,14.755435346656212,16.69416,12.522534551063243,3.0470387048061256
14_436,10,6,10.0,Real,Real,FIRE,5,4,False,False,True,1,-117.81,6.87941103668345,2.5617120023184725,24.32953341277723,21.18801858093528,6.861759999999999,6.106595112007881,2.5522399999999994,1.2986364620569475,1.8285844451888704
15_84,1,7,6.0,Real,Real,LBFGS,5,4,True,False,True,1,-135.57,4.785608327781006,13.051959675567788,9.5779718547978,18.18077870411714,4.76976,3.163968253129269,13.05408,11.858617415703293,4.242860084270638
15_207,1,6,6.0,Real,Real,FIRE,5,3,False,False,True,1,-77.81,4.510163594380288,5.243074615548835,8.815150856895343,9.464928935881924,4.51872,3.385478159357376,5.27184,4.430876190674212,4.588444404758887
16_115,6,6,9.0,Real,Real,FIRE,5,2,False,False,True,1,-79.24,0.6742870844673234,10.328360356828853,18.070803648186732,26.597201071279624,0.66944,-2.1873766400683508,10.33448,6.16710038641645,4.129392038253176
16_178,6,6,9.0,Real,Real,FIRE,5,3,True,False,True,1,-155.53,8.314521794859957,7.462048580541705,18.34457796525392,18.586147148894092,8.32616,6.138376120294879,7.48936,5.8112129460114375,2.6977180131895664
16_208,6,5,6.0,Real,Real,FIRE,5,3,False,False,True,1,-100.93,10.537828168712052,7.199011154344589,16.63259792431849,14.909148439461838,10.54368,8.761178574069618,7.196479999999999,6.027434289732582,2.131309324625259
17_28,8,6,10.0,Real,Real,FIRE,5,2,False,False,False,0,0.0,9.895301762732515,20.103464323343132,16.667542638902514,28.23785309390735,9.87424,7.932294177109952,20.0832,17.246080162725093,4.257404805581349
17_281,8,6,10.0,Real,Real,FIRE,5,2,False,False,True,1,-47.64,2.653986044749672,8.172960254077452,19.58306254924286,23.002320517681788,2.63592,1.8147449693165072,8.158800000000001,6.992692984436644,4.69641417304829
18_64,4,6,9.0,Real,Real,FIRE,5,4,False,True,True,1,-88.2,22.22752493651251,8.561031888863454,24.781587825667717,12.868713071718728,25.48056,15.149570760891493,11.79888,5.438656013463742,3.768509857200041
18_66,4,5,9.0,Real,Real,FIRE,5,3,False,False,True,1,-155.45,25.013523053904464,11.906403466300162,25.613315877220195,17.280965286088644,25.02032,17.67958262878051,11.924400000000002,5.305397621152451,4.269260145011413
18_122,4,6,8.0,Real,Real,FIRE,5,2,True,False,True,1,-67.27,14.229359469265203,14.547971387354323,26.47888732331394,25.025537171921833,14.2256,9.087343974582836,14.56032,9.782137532605702,5.009192759187781
18_150,4,8,10.0,Real,Real,FIRE,5,4,False,False,True,1,-228.36,27.633703617262427,27.40769974250543,27.050422193141888,28.32446354096882,27.6144,20.20844830312717,27.4052,21.680066473600164,2.88009542939077
19_121,9,10,14.0,Real,Real,FIRE,5,2,False,False,True,1,-68.95,6.692083295476323,13.759862220038258,11.595621799940115,17.682777063289613,6.694400000000001,4.087429765360412,13.76536,9.006762039944078,4.629264997132254
19_287,9,6,7.0,Real,Real,FIRE,5,3,False,False,True,1,-51.83,7.187786076155362,3.240729917921726,9.74363165016024,8.820757094431267,7.19648,5.3375699710599065,3.26352,1.2080940731793817,2.13255210279273
19_345,9,6,11.0,Real,Real,FIRE,5,2,False,False,True,1,-71.56,3.7722181955782617,17.881078848502966,13.094231870603076,23.871483929486523,3.7656,2.830661385466101,17.86568,12.647144598434808,3.2091125474519764
19_449,9,10,12.0,Real,Real,FIRE,5,2,False,False,False,0,0.0,1.569006272246952,16.41339165469185,12.220924475657414,23.998615956493033,1.54808,1.031618932182937,16.40128,12.385953418878898,2.6587214224863667
20_210,8,6,7.0,Real,Real,FIRE,5,6,False,False,False,0,0.0,14.544262776490086,0.0004921811257645,20.15879329502815,5.422055018597842,14.56032,13.135892066183487,0.0,0.0597234609523411,3.5155438373515757
21_29,4,9,9.0,Real,Real,FIRE,5,1,False,False,False,0,0.0,4.459004544444042,0.1933747087989559,20.703087049671417,20.18444535752765,4.47688,5.000802724425284,0.2092,1.643464613471906,4.883006462801289
21_345,4,6,6.0,Real,Real,FIRE,5,4,True,False,True,1,-130.9,8.689254566329396,15.622982842931831,18.97926742715156,23.791319114027864,8.702720000000001,6.696972656064304,15.64816,11.975218162733311,3.484711241197274
21_444,4,4,5.0,Real,Real,FIRE,5,3,False,False,True,1,-186.13,19.444015665313827,20.44287363736953,19.83762383597064,21.325749718903335,19.455600000000004,16.4443556599565,20.459760000000003,17.58903390247383,2.842991201942476
21_449,4,10,9.0,Real,Real,FIRE,5,3,False,False,True,1,-122.97,13.675709992985048,18.95405033543625,19.806483501985404,22.77776470686568,13.68168,10.676023732905378,18.95352,15.463343065659046,4.234627915670528
22_24,11,6,13.0,Real,Real,FIRE,5,5,True,False,False,0,0.0,7.037730504682941,0.4122966557645213,16.750358076675795,11.703711564509334,7.02912,8.901074108849798,0.4183999999999992,-0.0662532294868469,4.217108028386655
22_53,11,8,14.0,Real,Real,FIRE,5,3,False,True,True,1,-79.38,3.882760315603491,6.66865543425115,18.669210598798905,22.35402730804709,4.85344,3.00736610544368,7.65672,3.9670421889293266,1.6075245642042597
22_132,11,4,11.0,Real,Real,FIRE,5,2,False,False,True,1,-135.81,9.317868834921228,1.7758075350157014,18.345937339039523,11.083034829272938,9.33032,7.595094500632285,1.7991200000000005,-0.8030635843474556,3.275319691082718
22_139,11,2,11.0,Real,Real,FIRE,5,4,False,False,False,0,0.0,6.601110373328083,0.6791746941435122,18.34600001992964,7.867039503329328,6.610720000000001,7.640283273868363,0.6694400000000007,-0.2034396410726913,4.232429941904021
22_164,11,7,14.0,Real,Real,FIRE,5,2,False,True,False,0,0.0,1.311320470632836,13.912639817605625,17.99600191354115,26.088057538465847,7.656720000000001,0.5129321753711338,20.25056,9.330643473031614,3.2998787081314727
22_186,11,2,11.0,Real,Real,FIRE,5,3,False,False,True,1,-117.02,8.917593707899414,2.044498757472411,18.34304052194412,7.550707645772357,8.91192,8.927990687789588,2.050160000000001,0.086007033044325,4.214999421108989
22_326,11,11,19.0,Real,Real,FIRE,5,1,True,True,True,1,-46.38,1.588381138614977,17.056599759940354,16.040955584401097,18.921118049642367,6.65256,1.722491677548078,22.133360000000003,13.109239274969925,4.084712644252669
23_169,4,11,11.0,Real,Real,FIRE,5,2,False,False,True,1,-79.38,3.6859024277737262,12.11543378365036,3.534710636585874,10.76873228022374,3.68192,2.4882806027976585,12.09176,9.423876203246436,3.918648081601636
23_239,4,8,10.0,Real,Real,FIRE,5,4,False,False,True,1,-46.34,5.389627221433557,9.096263981277616,4.431116952157231,13.702193941210124,5.39736,2.6175193016031244,9.12112,7.517367046506024,4.777226588730264
23_242,4,9,10.0,Real,Real,FIRE,5,3,False,True,True,1,-5.33,3.3102253381755418,6.984639488645826,4.403179493118418,9.75872127490119,4.26768,1.471666452179079,7.9496,5.342940593006006,4.598419633463115
23_294,4,4,6.0,Real,Real,FIRE,5,2,False,False,False,0,0.0,1.3476842830896203,6.713421447954488,2.9439150761934068,8.845548249853824,1.33888,0.8656687380738504,6.6944,6.12176502312002,2.6011201608727625
23_299,4,5,6.0,Real,Real,FIRE,5,4,False,True,True,1,-77.02,2.4421016701384133,8.817135716301891,3.10620904881707,9.023517730510305,3.7656,0.7903208548583507,10.12528,7.015727656420495,2.5895825688464464
23_458,4,4,7.0,Real,Real,FIRE,5,2,False,False,False,0,0.0,3.1431571430097165,6.9255777845964985,3.5441746113443244,6.4725123892521585,3.138,2.6311846434068684,6.9036,5.42964664997362,4.746645265282485
24_72,6,7,10.0,Real,Real,FIRE,5,2,False,False,True,1,-108.68,7.919981669870367,12.98068603335696,15.29217971215029,19.936580653165898,7.90776,6.036579245312396,12.9704,6.793852813730609,5.000703853122426
24_135,6,2,6.0,Real,Real,FIRE,5,3,False,True,True,1,-78.85,12.79905406134094,2.014956523625642,14.74480953082621,4.761002533303615,13.72352,11.353191211140938,2.928799999999999,0.5292648387679719,4.5086476950294365
24_139,6,2,6.0,Real,Real,FIRE,5,3,False,False,True,1,-88.38,7.625226580425874,0.2330472144344639,13.3203127660501,8.145374302121382,7.61488,6.594218985691782,0.2092,-0.0362765755004375,2.648738008733518
24_186,6,2,6.0,Real,Real,FIRE,5,4,False,False,True,1,-116.12,9.840040824339212,2.7672855881813803,13.312853292314632,7.840744775020044,9.832400000000002,8.68605480935446,2.7614400000000012,2.1180256930207406,2.756861238944588
25_115,4,6,7.0,Real,Real,FIRE,5,3,False,False,True,1,-151.79,11.436004399000126,22.02387999580867,16.38750519399366,27.601980488803164,11.42232,7.184532249257245,22.00784,18.11419543617592,3.095716040946211
25_136,4,4,5.0,Real,Real,FIRE,5,4,False,False,True,1,-52.83,14.219390968473364,0.4502523562708802,18.795996216243037,7.487576183237629,14.2256,11.447755639017828,0.4602399999999988,-0.945069618534376,5.023191206752117
25_178,4,6,8.0,Real,Real,FIRE,5,4,True,False,False,0,0.0,7.600467553438534,5.827527760614657,17.094961352508804,17.781605691707146,7.61488,4.736677173111275,5.857600000000001,4.173620290139979,3.7881628082208056
25_250,4,6,7.0,Real,Real,FIRE,5,3,False,False,True,1,-210.03,17.622756168096316,10.57786648775766,19.479983484547695,15.265268143255224,17.61464,13.609731928270776,10.585520000000002,5.02057565787311,2.963573835733033
25_429,4,4,6.0,Real,Real,FIRE,5,2,False,False,False,0,0.0,8.348392709490895,9.7905586243578,17.046018753349514,20.40792117732172,8.368,6.267946509132003,9.79056,8.094065544127943,4.589939173382396
26_78,7,5,10.0,Real,Real,FIRE,5,3,False,False,True,1,-255.57,32.64696082500973,23.0210377620715,27.558201839245925,16.50444324513068,32.6352,28.6191550206961,23.012,17.334913647365966,2.735765292241516
28_281,6,6,9.0,Real,Real,FIRE,5,3,False,True,True,1,-121.53,17.334032624131396,3.6731190786831576,30.071781633582606,22.640553681036835,24.81112,16.098524833651027,11.12944,1.9674104942018855,4.296570002821323
28_341,6,10,13.0,Real,Real,FIRE,5,4,False,False,True,1,-67.07,28.933523361388097,7.562653185481395,28.64383209683024,11.96444631155406,28.91144,24.19572984679553,7.531200000000002,6.151158130979638,4.746752566354414
30_67,5,6,9.0,Real,Real,FIRE,5,3,False,False,True,1,-107.66,1.796579048739659,13.2446705279217,6.685424444523064,18.53180986608303,1.79912,1.6565873887229827,13.263280000000002,10.99692746857022,4.260812960846477
30_126,5,6,6.0,Real,Real,FIRE,5,2,False,False,True,1,-224.1,2.794015861271305,18.930116754412097,7.304575507273165,20.427617473778945,2.8032800000000004,-0.3189607238357439,18.95352,13.394039964044168,2.5834754985015778
31_84,4,7,8.0,Real,Real,FIRE,5,3,False,False,False,0,0.0,2.6795889598815847,11.788212950462594,8.54598191860239,17.746138952199065,2.67776,1.7967645850957297,11.79888,10.92119408567862,4.268558980316028
31_109,4,3,4.0,Real,Real,FIRE,5,4,False,False,True,1,-100.88,3.35116422106114,1.5672935688958205,7.551199213694345,5.726094760947391,3.3472000000000004,2.6713960161745263,1.5480800000000003,1.325274979130768,3.866355988363821
31_170,4,7,10.0,Real,Real,FIRE,5,3,False,False,True,1,-167.33,3.2390712737483227,9.863944638668954,9.367682050982449,18.009409391982576,3.22168,1.7557687942935445,9.8324,7.419499118488829,4.370879995158269
32_152,1,7,6.0,Real,Real,FIRE,5,2,True,True,False,0,0.0,1.5044797026631611,14.612514211225973,6.241436399889635,17.227832396181405,4.560560000000001,1.4608701473941892,17.656480000000002,12.55840177616176,4.625673677964758
32_476,1,8,8.0,Real,Real,FIRE,5,3,False,True,False,0,0.0,1.1303604189270118,13.577300018972664,5.856488246535348,15.777889356667432,10.8784,0.5255502391048594,23.304880000000004,11.192532114271671,4.606161527801522
33_87,5,8,10.0,Real,Real,FIRE,5,3,False,False,True,1,-78.99,15.177405893349714,0.6604097826427733,20.131760294156336,10.29521088482688,15.18792,10.746086994210144,0.669439999999998,0.5905977380787135,3.697424859212796
33_316,5,11,13.0,Real,Real,FIRE,5,3,False,False,True,1,-67.05,8.682659943019189,3.256774353060564,21.53726096004042,18.863780190187097,8.660879999999999,4.615497893228849,3.2216799999999983,2.2923756933344066,2.9600586710599623
34_155,3,6,6.0,Real,Real,FIRE,5,2,False,False,True,1,-101.95,2.003037171003143,17.83022164787974,8.679650471359754,21.311470994820773,2.00832,1.9049747461164088,17.82384,14.287240673124074,3.984668895038372
34_201,3,6,7.0,Real,Real,FIRE,5,4,False,True,True,1,-30.08,1.6817202708976993,-0.7242368602791203,8.729201732552646,12.316640304504872,6.94544,1.9401744911644985,4.56056,-0.8871491352707608,5.000994677897515
34_317,3,8,7.0,Real,Real,FIRE,5,3,False,True,False,0,0.0,16.68754977596143,24.775298416581563,8.735032062328516,15.609540755080998,4.47688,15.255181995721388,12.552,21.541601341224123,3.849737407750412
34_424,3,4,4.0,Real,Real,FIRE,5,2,False,False,True,1,-59.02,0.8110297548304288,3.921158570557054,7.630573124543305,12.446256531976545,0.79496,0.6858459146211544,3.89112,3.0792394853873475,4.875672334424846
35_143,6,7,10.0,Real,Real,FIRE,5,2,False,False,False,0,0.0,2.1755439865326025,5.271635418861706,16.003262271860205,17.13107484792523,2.1756800000000003,1.7381881964249717,5.271840000000001,4.236637064543629,3.5806463598518583
35_146,6,6,10.0,Real,Real,FIRE,5,3,False,False,True,1,-99.56,6.5415766442340555,9.98060508444837,15.892134541591112,20.1651393542629,6.52704,6.0064472341703095,9.95792,8.000715534462415,3.3444909559966187
35_169,6,11,12.0,Real,Real,FIRE,5,4,False,False,True,1,-42.98,4.383912268083577,3.606642051268637,11.315041224543103,11.545768100299192,4.3932,3.454196463111657,3.59824,2.727519631136147,4.332372705550328
36_72,5,7,8.0,Real,Real,FIRE,5,2,True,False,True,1,-118.6,12.058742614183188,10.196376243854049,16.503453312814504,21.39304286720462,12.04992,9.103296029275384,10.16712,5.880868148756463,4.051558963311701
36_76,5,5,8.0,Real,Real,FIRE,5,2,False,True,True,1,-55.5,20.57445465797457,23.573720874733112,19.880793708734963,22.494038791133157,25.35504,14.717357983151487,28.36752,19.36974401975988,3.9914077488193063
36_135,5,2,4.0,Real,Real,FIRE,5,4,False,False,True,1,-139.3,6.3004441107541425,2.6588025087846745,9.915994809003616,6.142615147853689,6.31784,4.8605674005270885,2.67776,1.671824548458858,1.569318542416538
36_157,5,8,8.0,Real,Real,FIRE,5,3,False,False,True,1,-85.54,7.4595316821506685,5.296157116411791,11.911969888907208,11.9968888167319,7.447520000000001,5.388432262042784,5.271840000000001,4.722091541204577,4.095934625640608
36_301,5,5,7.0,Real,Real,FIRE,5,3,False,False,True,1,-125.29,9.328227500109506,8.111036927968485,10.615209982241405,12.155563334711738,9.33032,7.879240305117378,8.11696,5.8536057727967545,5.058384646441743
36_318,5,10,10.0,Real,Real,FIRE,5,5,False,False,False,0,0.0,8.561424776038166,1.3315854425306952,17.502235340156716,14.361570407539194,8.5772,5.952307896560342,1.3388799999999996,1.5376084276940674,3.476461155181719
37_95,5,2,4.0,Real,Real,FIRE,5,4,False,False,True,1,-52.12,4.125593505588313,2.5220688186350344,10.550423779271476,10.37511493018653,4.1421600000000005,3.552105540242337,2.5522400000000003,2.443251308195272,3.832210223672255
37_148,5,2,4.0,Real,Real,FIRE,5,4,False,False,True,1,-163.35,7.85971311002038,6.494046803431502,10.550741436214162,10.331572136627738,7.86592,6.772887385182457,6.4852,5.82021222847618,3.838642662353124
37_158,5,3,4.0,Real,Real,FIRE,5,2,False,False,True,1,-20.66,2.330170666346703,2.78080424023085,9.400127804781103,9.62494942755224,2.34304,2.44167565174871,2.8032800000000004,1.5887222207691138,4.929132282784116
38_262,5,4,6.0,Real,Real,FIRE,5,3,False,False,True,1,-107.44,9.87811735089258,5.159034687429084,14.675441129515852,9.847962422545764,9.87424,8.243349775975503,5.14632,3.512898697746664,4.772305900161757
40_86,5,8,10.0,Real,Real,FIRE,5,3,False,False,True,1,-71.0,21.964652308545055,22.704610468505507,20.54399850675445,22.852665669382475,21.966,18.5637633930844,22.71912,19.095598168603143,4.361205774438275
40_157,5,8,9.0,Real,Real,FIRE,5,3,False,False,True,1,-52.53,13.627590309220524,0.6999152466369196,21.60750104577286,11.897106851787385,13.63984,11.23148024387956,0.7112800000000004,0.1215438515957885,3.100199876969367
40_158,5,3,5.0,Real,Real,FIRE,5,3,False,False,True,1,-129.52,17.58670431702035,7.114627697092374,19.592178033442604,9.908124932679891,17.5728,14.908563042409355,7.1128,4.365492902278561,4.142338544436254
40_318,5,10,10.0,Real,Real,FIRE,5,5,True,False,False,0,0.0,10.792778375709531,0.734483879618665,21.57461691018998,15.164195267781253,10.79472,7.659716716085995,0.7531199999999991,-0.4588058696072039,3.4105481391705297
41_154,7,8,10.0,Real,Real,FIRE,5,4,False,False,True,1,-97.29,3.747401816528963,9.299672012810788,13.117062636727749,18.684312914359076,3.7656,1.343940351325955,9.33032,7.239835986787966,3.5929309353196857
41_155,7,6,11.0,Real,Real,FIRE,5,3,False,True,True,1,-47.76,10.602693672553414,22.372526844055074,14.165132249245213,22.851821315648408,14.4348,8.566828462338663,26.19184,17.82429442940179,4.023865884639889
41_365,7,7,9.0,Real,Real,FIRE,5,2,False,True,True,1,-101.91,3.918153672812195,12.409971796447737,14.095815964861911,25.02516659611473,7.19648,2.5617678631504077,15.69,11.261079251921728,3.219778057271426
41_477,7,5,9.0,Real,Real,FIRE,5,4,True,False,True,1,-55.71,7.291435930402031,4.690260804754189,14.861071526203729,11.548962420926587,7.28016,6.598645244736417,4.6860800000000005,2.445930893931518,3.933503707138863
45_84,2,7,7.0,Real,Real,FIRE,5,4,True,False,True,1,-187.39,8.989908595205634,20.935620881927775,9.490294653104897,20.412284298754496,8.9956,6.838652660088201,20.96184,18.11192188646646,4.669600828372928
45_207,2,6,6.0,Real,Real,FIRE,5,2,False,False,False,0,0.0,0.6434361344965964,1.8194596536191057,9.092248329967182,9.57463141299373,0.6276,0.0952317342091646,1.7991200000000005,1.521386638264289,4.260325276438364
45_428,2,5,5.0,Real,Real,FIRE,5,4,False,False,True,1,-83.9,6.35642425541846,2.4111529252072614,9.265856870569264,6.255787217564938,6.35968,4.20115130539773,2.42672,1.13332207517999,4.933332475189126
49_121,10,10,13.0,Real,Real,FIRE,5,4,False,False,True,1,-142.24,9.85864080508304,4.054977237926778,20.598399735449476,14.82722518313516,9.87424,7.859768890261421,4.05848,2.725371528018286,2.225501571789179
49_123,10,6,12.0,Real,Real,FIRE,5,3,False,False,True,1,-58.23,5.589779604117439,2.435100914092345,22.083573180287072,18.86047406758593,5.606560000000001,4.00607800381772,2.468560000000001,-0.6291201364392691,3.753843663097076
49_126,10,6,14.0,Real,Real,LBFGS,5,4,False,False,True,1,-187.28,13.783492079055804,17.399003859046843,18.86220160714728,19.41740376756021,13.76536,9.986992823770152,17.3636,12.100876134692951,4.466740671042567
49_287,10,6,14.0,Real,Real,FIRE,5,3,False,True,True,1,-158.58,15.7713355526937,0.4399259996735054,25.342825176667574,10.48487422050798,28.99512,11.898224206926898,13.681679999999998,-2.9469164900913256,4.3933307759009725
49_372,10,4,11.0,Real,Real,FIRE,5,3,False,False,True,1,-80.8,17.08952737248478,7.276499304855179,21.416502669342012,12.141363499760988,17.07072,13.122790697067783,7.23832,2.869098709691116,4.288573563145317
53_54,8,9,13.0,Real,Real,FIRE,5,2,True,True,True,1,-131.1,12.904972607755552,8.082172205052075,22.71180953939751,20.944000944003733,18.828,9.186450702840148,14.0164,3.504507935034326,3.718440106494585
53_139,8,2,8.0,Real,Real,FIRE,5,3,False,True,True,1,-66.79,13.216134199167868,1.7253890336100994,22.936558353746474,8.135399478344876,15.77368,10.273972644650373,4.26768,-1.2023060160722707,4.480337755942548
53_164,8,7,10.0,Real,Real,FIRE,5,3,False,True,True,1,-220.57,11.837012636311556,16.17402653801946,23.139156350841397,25.74330834943295,15.60632,9.473169966196563,19.95768,11.81209960311071,1.8822781573108849
54_105,9,6,11.0,Real,Real,FIRE,5,2,True,False,True,1,-67.18,9.853805210560722,28.431927099967197,13.199092809312589,23.48077479990164,9.832400000000002,6.444777246404101,28.409360000000007,21.410106115296912,3.4930426292301493
63_64,5,6,8.0,Real,Real,FIRE,5,3,False,False,False,0,0.0,20.788412580769204,5.286788100834656,25.587809793660035,13.370638709488862,20.79448,15.608117295568604,5.313679999999998,4.3504822907092375,3.777933473440125
63_66,5,5,9.0,Real,Real,FIRE,5,3,False,False,True,1,-69.66,16.124329931635884,15.190934178100406,26.29499402913109,19.656824600737735,16.1084,10.53524429630329,15.18792,10.375688413554144,4.197674900599568
63_150,5,8,9.0,Real,Real,LBFGS,5,4,False,False,False,0,0.0,17.308085369779292,7.361761104948528,28.40479013111368,25.59482654624119,17.321759999999998,14.62374791443176,7.363839999999998,7.701684590072318,2.7347610764744132
64_123,6,6,7.0,Real,Real,FIRE,5,3,False,True,True,1,-145.0,6.234999936236591,6.951010393857359,12.269875544041618,13.450310875279554,9.45584,5.489042876078315,10.16712,4.838270544147122,2.3200945860471367
64_126,6,6,10.0,Real,Real,FIRE,5,2,True,False,True,1,-8.4,2.806483233763629,13.013230410530925,16.130726074385265,19.936734879594283,2.8032800000000004,-0.0051909717101352,13.01224,10.296599305235077,4.1273625923058495
66_122,5,6,5.0,Real,Real,FIRE,5,1,False,True,True,1,-87.0,0.2274974514674568,22.263669311307467,4.060003537672727,21.923279377210843,0.96232,-0.2860503487880805,23.012,15.975859360974937,2.546581341681847
66_129,5,1,4.0,Real,Real,FIRE,5,3,False,False,True,1,-142.62,2.7087283395494524,6.545781613817212,4.223444979666262,6.469326063764702,2.7196,1.3036395047569158,6.56888,4.526824623882135,3.85834216086631
67_111,6,3,7.0,Real,Real,FIRE,5,4,True,False,True,1,-128.92,4.378706072455088,0.889836678611573,18.15088992536263,15.153755039606043,4.3932,4.341318952644997,0.9204800000000004,-0.2016886910741959,3.1384240557337924
67_112,6,6,8.0,Real,Real,FIRE,5,3,False,False,True,1,-140.72,6.624995485197701,12.611986359488014,15.58701512368781,22.049648399094885,6.610720000000001,3.61593619014468,12.59384,9.440119809526664,3.1173252286773683
67_231,6,4,6.0,Real,Real,FIRE,5,4,True,False,True,1,-119.35,9.856570885280805,8.655735519302084,17.68981414264717,16.50619065138524,9.87424,7.887025805143367,8.66088,5.5728209094623935,2.2960206828885203
69_106,5,2,4.0,Real,Real,FIRE,5,4,False,False,True,1,-59.85,7.339077630768429,5.020493978106629,17.437535610416816,15.183636608708488,7.322,6.6096874759175535,5.0207999999999995,4.673324113204103,4.811708468783076
69_126,5,6,8.0,Real,Real,FIRE,5,2,True,False,True,1,-97.73,14.031692019638967,20.460001285759517,18.12567068275198,19.249131193155492,14.0164,8.406899584635312,20.459760000000003,14.947422720227792,4.928630721352037
71_196,3,3,3.0,Real,Real,FIRE,5,4,False,False,True,1,-163.53,8.967088625720862,7.540013457232476,7.133549646931586,10.39759023990628,8.95376,6.692880525672081,7.5312,5.303271242354754,1.4022670392822485
71_293,3,6,6.0,Real,Real,FIRE,5,4,True,False,True,1,-118.9,6.1223885136756735,5.100396982818324,7.529613027101709,9.540914707590115,6.10864,3.857133368267,5.104480000000001,3.074876242452092,3.8198432487586302
72_76,7,5,9.0,Real,Real,FIRE,5,3,False,False,True,1,-136.71,22.086385781559784,25.129340417448248,22.845161535108577,25.719156980705904,22.091520000000003,16.480365671225172,25.145840000000003,19.702169366912813,3.98694615253068
80_88,7,2,7.0,Real,Real,FIRE,5,3,True,True,True,1,-131.41,2.141793330827568,9.07515458097771,12.176295440635633,15.843539939714756,3.68192,3.4505525709140557,10.62736,7.152080850693096,4.774432072610757
80_169,7,11,13.0,Real,Real,FIRE,5,3,False,False,True,1,-29.65,8.192576545691054,11.106825279322493,9.65405027455585,10.2958759263628,8.20064,7.282735775665969,11.12944,8.02033998903812,4.8982175765262435
80_242,7,9,8.0,Real,Real,FIRE,5,4,True,False,True,1,-102.02,4.2788714448556675,1.7685330845331464,14.082543935133852,10.044133011014244,4.26768,2.2735145449638594,1.7572800000000002,0.7462158948278557,1.4507540601044726
82_84,1,7,6.0,Real,Real,FIRE,5,2,False,False,True,1,-138.22,8.778491504506633,17.720537932508478,9.509302369863804,19.296903764684213,8.7864,6.34373407954979,17.740160000000003,15.262177262632122,4.185742390452146
82_207,1,6,6.0,Real,Real,FIRE,5,2,False,False,True,1,-25.71,3.065300036044164,2.8797326524792197,8.795896941759548,9.04287738542966,3.05432,1.7652837110281323,2.88696,1.6575624024308129,4.656121611702639
83_84,2,7,7.0,Real,Real,LBFGS,5,3,False,False,True,1,-30.87,6.7259790935904675,19.461885711049263,8.966634949968288,20.726206383631045,6.73624,4.399759838771502,19.4556,15.98488355080167,4.6841574414512674
83_207,2,6,6.0,Real,Real,FIRE,5,2,False,False,True,1,-107.35,3.480347052468005,1.6526101111001026,8.849195245178322,8.911926492623804,3.47272,2.2024636923990784,1.6317599999999997,0.8782976511328116,4.342662294938573
84_109,7,3,7.0,Real,Real,FIRE,5,4,False,False,False,0,0.0,13.106412637715836,0.2826297160515878,19.79953208152585,6.589243746766786,13.09592,12.588243957973418,0.2928799999999985,-0.7417616188066631,4.183650810329324
84_170,7,7,9.0,Real,Real,FIRE,5,3,False,True,True,1,-140.75,10.500264815719902,8.341306406509375,19.1189170066576,17.3078319406889,13.89088,10.234354176104716,11.7152,8.124886441455828,2.213704628659048
85_139,8,2,7.0,Real,Real,FIRE,5,3,False,True,True,1,-97.37,23.618894227050873,5.830802092821045,21.98105061599205,7.478378445462376,30.961600000000004,19.75192655197895,13.179600000000004,5.160958278046678,3.899805016547133
85_170,8,7,12.0,Real,Real,FIRE,5,2,True,False,True,1,-32.42,15.961485058092194,0.1334582995161781,20.9021657691683,12.357320659548682,15.94104,9.17721931322808,0.1255200000000016,0.2936925641743073,4.970142467434438
85_186,8,2,7.0,Real,Real,FIRE,5,4,False,False,True,1,-136.21,22.39112616693842,4.231242362635385,22.18568910140073,7.320773631814363,22.3844,17.498953252258048,4.225839999999998,2.5191013031255807,3.894044548177022
85_301,8,5,8.0,Real,Real,FIRE,5,3,False,False,True,1,-256.13,25.51340700418325,9.41177477490055,22.68126449825344,10.29896090331874,25.5224,20.559849899162373,9.414,6.11438307035462,3.488839550987085
86_152,8,7,11.0,Real,Real,FIRE,5,3,False,False,False,0,0.0,18.22673934744648,12.953143336001403,23.988857301924696,19.143078883833255,18.24224,14.373240488209149,12.9704,9.52111599150885,4.712484630866927
86_170,8,7,12.0,Real,Real,FIRE,5,3,False,False,False,0,0.0,9.456362982406972,4.094174268033385,23.148904331158658,19.26081246564019,9.45584,6.885210832600478,4.10032,1.398625928045476,4.842589529832872
86_202,8,4,9.0,Real,Real,LBFGS,8,5,False,False,True,1,-128.44,21.987366773207217,15.89407098423544,23.838067343323637,19.76329576693385,21.966,17.169600527855437,15.85736,12.162631618624346,4.262682165110709
86_476,8,8,10.0,Real,Real,FIRE,5,3,False,True,True,1,-50.41,17.96807487389492,13.68909349350838,23.0572847677074,19.24091550700444,21.38024,14.00829577392301,17.112560000000002,10.541670347939087,4.558953832561095
87_154,8,8,12.0,Real,Real,FIRE,5,4,True,False,False,0,0.0,2.9657074545386877,9.633087425065696,12.353178776429283,18.33939588667198,2.97064,2.181208054250874,9.6232,8.423073239810492,4.505567608604591
87_278,8,7,10.0,Real,Real,FIRE,5,2,True,False,True,1,-70.65,3.4809837706757207,20.32453910500749,10.180036455410526,21.25734295243108,3.47272,2.8635711904078107,20.33424,15.370614429695024,4.678543516095699
88_242,2,9,8.0,Real,Real,LBFGS,5,2,False,True,True,1,-118.08,9.190612975964656,-1.4371187429812835,14.881869717720374,9.186440562649407,12.71936,6.108774821083443,2.0919999999999987,-2.0903431430035653,4.455366618380171
92_152,9,7,11.0,Real,Real,FIRE,5,4,False,True,True,1,-118.19,2.9097970156249175,10.96686022027052,13.376601250684404,17.879654884910888,6.694400000000001,0.5938959747381887,14.76952,7.525564859693986,3.7887499441038943
92_476,9,8,12.0,Real,Real,FIRE,5,4,True,False,False,0,0.0,2.7433247316168945,9.423163201877289,13.175386696681125,16.541699729300365,2.7614400000000003,1.4250611811544331,9.455840000000002,7.627032396108007,4.007799832918819
95_158,2,3,3.0,Real,Real,FIRE,5,3,False,False,False,0,0.0,0.8607235172509036,1.3563433555727895,9.912678574046993,9.64070006213854,0.87864,2.031827792681952,1.38072,1.5017172909788314,3.9249206854936345
101_155,3,6,6.0,Real,Real,FIRE,5,2,False,False,False,0,0.0,0.5508365920113647,14.267651383638736,10.748235693900211,22.39503252752565,0.5439200000000001,0.5955751122804713,14.26744,11.679984839163469,3.906979457054701
101_317,3,8,7.0,Real,Real,FIRE,5,4,False,False,True,1,-122.7,3.8752480843746753,9.025228760958385,11.387364278263094,16.499531929025512,3.89112,2.981265334393129,9.03744,7.647392615697072,4.145577748863916
101_424,3,4,4.0,Real,Real,FIRE,5,4,False,False,True,1,-79.75,3.649110644836696,6.593432125454683,9.642713817823008,13.878532886599828,3.64008,2.361801739752764,6.56888,5.231637785681187,4.519754951192136
105_115,6,6,8.0,Real,Real,FIRE,5,3,False,False,True,1,-33.95,40.41521252938571,21.35103774727611,23.28279701974065,25.488827576952087,40.41744,35.73053287924415,21.3384,18.341952197500746,4.217650825362492
105_164,6,7,8.0,Real,Real,LBFGS,5,3,False,False,True,1,-122.96,28.97530473371853,11.729438326698755,23.491541826294434,19.33075088912629,28.99512,19.84184660901883,11.75704,6.659204001650096,3.5860960127092887
105_429,6,4,6.0,Real,Real,FIRE,5,4,False,False,True,1,-124.7,29.510239638555163,3.762359925817236,22.81724849024939,20.17968749687245,29.4972,25.169474233718347,3.765599999999995,2.2473676609977247,3.1446664668090727
106_108,2,6,6.0,Real,Real,FIRE,5,2,False,False,False,0,0.0,10.606341027174608,14.54874550826048,17.622192137384385,19.14765467327681,10.58552,10.089616372085288,14.518479999999998,13.000855727715134,4.8895974295869005
106_111,2,3,4.0,Real,Real,FIRE,5,4,False,False,False,0,0.0,5.490075982090389,1.5779116322929667,16.477806328369628,13.641915929579977,5.48104,4.825325636580828,1.54808,0.860283717221364,4.729986757458328
106_231,2,4,4.0,Real,Real,FIRE,5,3,False,False,True,1,-217.67,23.93889163752226,23.649741974876747,15.985751189852436,17.010277002817496,23.93248,19.671193898041224,23.6396,18.838907050247713,4.824569062994147
106_268,2,9,8.0,Real,Real,FIRE,5,3,False,False,True,1,-128.01,14.699222538468916,27.406582768833346,15.732336821211227,23.808041324852127,14.68584,10.536098463070177,27.4052,23.405609573717697,5.085044926733513
107_109,7,3,8.0,Real,Real,FIRE,5,3,False,False,False,0,0.0,7.360026980537782,0.7939813147528412,14.318969435742629,7.341847541214051,7.363840000000001,7.312794235379442,0.7949599999999997,-0.8437530754283671,4.420273502156694
107_207,7,6,9.0,Real,Real,FIRE,5,3,False,False,True,1,-33.5,6.562025802739754,2.8629231357476783,14.632984302761502,10.920093967281424,6.568880000000001,6.645175387138806,2.8869600000000006,2.2150022457537943,4.0474667036162515
107_369,7,7,7.0,Real,Real,FIRE,5,4,False,False,True,1,-86.37,6.259347043464913,2.1066575773371596,13.477024780682104,9.381297514399474,6.276,4.579604653986735,2.1338399999999993,1.1245893026227805,1.340215257493681
109_369,3,7,8.0,Real,Real,FIRE,5,3,False,False,True,1,-31.79,2.276503871354066,6.274265071618288,7.975516313788396,11.522819560025788,2.25936,0.3359443109285394,6.276,5.163311001444299,4.641652988466966
111_126,3,6,7.0,Real,Real,FIRE,5,2,False,False,False,0,0.0,8.323403793695206,19.48621663383517,13.596247394650696,18.604651183688325,8.32616,5.561088988574397,19.497439999999997,16.584093954141963,4.482061823991815
112_268,6,9,10.0,Real,Real,FIRE,5,3,False,True,True,1,-66.12,10.689879645309702,14.418921293328594,27.657236512733633,23.678093707044397,22.5936,10.476741555173248,26.31736,12.94827372257032,5.019830077763354
112_274,6,6,6.0,Real,Real,FIRE,5,2,False,True,True,1,-99.12,18.70238925952117,6.259879739125495,28.762338676634137,16.668315142450897,23.09568,15.759650094545464,10.669199999999996,4.708996889190644,4.008589110098977
112_436,6,6,6.0,Real,Real,FIRE,5,2,True,False,True,1,-107.04,21.296981254120283,17.917810178718014,28.762322900241347,17.9733083549536,21.29656,17.433059159076493,17.907519999999998,14.934612058584776,4.441832953754763
115_208,6,5,8.0,Real,Real,FIRE,5,3,False,False,True,1,-223.51,24.355685451424165,17.111412228514837,27.157657677553814,22.659498401951268,24.350880000000004,18.84142656635038,17.112560000000002,13.11597883831655,3.7175136375107583
115_349,6,7,8.0,Real,Real,FIRE,5,3,True,False,True,1,-81.04,19.38408609643352,9.221706625114052,27.7236707049899,18.21880070949458,19.37192,16.840921776144455,9.2048,8.00864685983072,3.2834083052284826
115_429,6,4,5.0,Real,Real,FIRE,5,4,False,False,True,1,-66.1,5.123108300853801,1.2583981307398062,24.584060913878073,21.203278212452915,5.10448,4.239102451026156,1.2551999999999994,-0.2705880491369044,2.0522850762253584
121_372,10,4,11.0,Real,Real,FIRE,5,3,False,False,True,1,-92.88,12.02113473442364,3.4873210183100127,14.926635412024654,7.794165508676826,12.00808,9.76924338476624,3.4727200000000007,1.92892923898512,4.174563739048156
121_449,10,10,13.0,Real,Real,LBFGS,5,4,False,False,True,1,-138.74,16.25926060051802,23.745684530919107,16.501640507669787,23.989044488305428,16.275760000000002,12.893343346533127,23.765120000000003,19.690468506352317,4.788744172237401
122_129,6,1,5.0,Real,Real,FIRE,5,4,False,True,False,0,0.0,13.41865583115839,0.978233398813245,23.082176778471503,7.401119636655583,20.2924,10.483635636336317,7.865919999999999,-0.7600838958662735,4.390613337517435
122_180,6,5,8.0,Real,Real,FIRE,5,3,False,True,True,1,-171.18,24.539524103601593,26.899095791236732,20.536923620956735,24.789121241139433,29.83192,18.67502351887481,32.17496,20.143605525917906,3.5720896357289944
122_210,6,6,7.0,Real,Real,FIRE,5,3,False,False,True,1,-143.23,15.201742692107246,3.815403132948177,21.55931625196146,6.798083116035454,15.18792,12.535153617108904,3.807439999999998,1.978918392701644,3.704356158657904
122_372,6,4,7.0,Real,Real,FIRE,5,2,False,False,True,1,-145.84,14.969345871856715,2.675447709041009,20.94749611027555,7.226349567002476,14.97872,12.60219507210229,2.677760000000001,1.426917438975579,4.739675244474797
123_126,6,6,11.0,Real,Real,FIRE,5,4,False,True,True,1,-272.73,14.633138503892724,27.438678522767304,13.134309197151415,20.01239461056613,16.06656,10.6663230643087,28.8696,21.307663432647814,4.174884639046763
123_372,6,4,8.0,Real,Real,FIRE,5,3,False,False,False,0,0.0,17.542314408482753,4.195571442627283,21.28720571986178,8.364252370317868,17.530960000000004,12.271308098854432,4.184000000000003,1.1063556331616835,4.65941741504467
126_231,6,4,8.0,Real,Real,FIRE,5,3,False,False,False,0,0.0,12.630032011587446,10.456798666872489,19.56852040946491,18.382303042057305,12.63568,9.2195862769031,10.46,6.637693856861802,4.849570101117518
129_152,1,7,7.0,Real,Real,FIRE,5,2,False,False,True,1,-127.28,4.814621809548271,16.157669081281824,6.503428741143,15.833128098980984,4.811599999999999,3.0874628894674743,16.15024,13.32606733141654,4.596731057977975
129_476,1,8,7.0,Real,Real,FIRE,5,2,False,False,True,1,-122.28,5.020061881372612,15.082410437911337,5.927125389485144,14.994055833149442,5.0208,3.067766336487125,15.0624,12.657078557969498,4.583928193883521
130_341,4,10,12.0,Real,Real,FIRE,5,3,False,True,True,1,-204.1,31.928202386250405,19.452498708181565,24.05575716153639,15.635044567804195,33.764880000000005,25.47706008178693,21.296560000000007,13.653189287934993,5.056232759322617
130_345,4,6,7.0,Real,Real,FIRE,5,3,False,False,True,1,-51.5,8.933124601146801,11.4873908376361,22.830413127576513,24.111005481402454,8.91192,6.617328580940352,11.46416,8.419074007437189,3.945378904624826
130_441,4,9,11.0,Real,Real,LBFGS,5,3,False,False,True,1,-177.23,31.156069405525383,21.617218104316407,23.88452472569042,17.030509374808943,31.170800000000003,25.32304856599671,21.631280000000004,15.406230284631649,4.962230172856436
130_444,4,4,5.0,Real,Real,FIRE,5,2,False,False,True,1,-213.57,16.72544112016169,13.143685763198846,22.355061789513087,21.58368273763503,16.736,13.291549670085828,13.13776,11.150353653294587,2.349952829993842
130_449,4,10,10.0,Real,Real,FIRE,5,4,True,False,True,1,-56.45,5.245726263108509,5.481083767745531,22.753176499304065,22.98846644426792,5.23,3.574648022742849,5.48104,3.9921627180124233,4.688931501872066
132_164,4,7,8.0,Real,Real,FIRE,5,2,False,False,False,0,0.0,1.1036912540316737,17.295349820043384,11.29050540606116,26.38124268584837,1.08784,1.5141881790250409,17.27992,14.034190014988098,4.7337863071989155
132_294,4,4,5.0,Real,Real,FIRE,5,1,True,False,False,0,0.0,0.1259792562144639,6.874789773942098,3.9131783780924776,8.29950407156063,0.12552,0.2760528364683523,6.86176,5.064796329115211,4.240750062987416
132_299,4,5,5.0,Real,Real,FIRE,5,3,False,False,True,1,-82.01,2.6594591753280383,10.103249724676855,3.913277378251202,8.3540158604502,2.67776,1.6781785500445494,10.12528,7.0219891796568845,4.321118279563388
132_458,4,4,6.0,Real,Real,FIRE,5,1,True,False,True,1,-79.14,0.0368001685687886,5.339386514882449,3.664506915712015,6.4727937425788715,0.04184,-0.2600913717442381,5.35552,2.642787974658404,3.6523836391662066
135_318,2,10,10.0,Real,Real,FIRE,5,5,False,False,False,0,0.0,1.5825773477774874,2.761008294799467,19.154350586911047,14.262061418189058,1.58992,-0.5097886218886742,2.7614400000000003,2.202091855565868,4.143179683510503
136_239,4,8,8.0,Real,Real,FIRE,5,4,False,False,False,0,0.0,1.7725614633494615,0.480691452746214,9.77841828065535,14.063239539472413,1.75728,0.9374949335415296,0.46024,1.2948590026904867,5.021923663081791
136_242,4,9,8.0,Real,Real,FIRE,5,4,False,True,False,0,0.0,-0.02844450945895,-2.4160504959179434,9.743374605673605,10.358150608927543,6.81992,-1.7690984994997052,4.43504,-2.9392863907997935,4.197665515441411
146_458,6,4,8.0,Real,Real,FIRE,5,5,False,False,True,1,-127.51,19.331914410572267,0.947485695329192,21.251556178998843,5.81032300346683,19.33008,17.037883785618305,0.9623200000000018,0.5956424403011624,4.8749553412117885
148_158,2,3,3.0,Real,Real,FIRE,5,4,True,False,True,1,-133.45,5.929890965121103,6.321319891782764,9.349209676770162,9.669144876102331,5.94128,4.868611354953032,6.31784,5.161268972061066,3.8924763300807537
149_262,3,4,5.0,Real,Real,FIRE,5,3,False,False,False,0,0.0,2.5750980065322437,1.5880035475919383,11.588356708470382,10.480911637548818,2.59408,2.2197890917398126,1.58992,1.653667303044017,4.361546689007674
149_405,3,9,9.0,Real,Real,FIRE,5,2,False,False,True,1,-110.58,3.580372594522487,7.853589755991379,10.192758078551789,14.041561619099111,3.59824,1.404069390429413,7.865920000000001,5.730452925793998,4.687325362977038
150_271,8,9,13.0,Real,Real,FIRE,5,4,True,False,False,0,0.0,13.500264931364882,17.897480036247543,26.498893463544196,29.90285483977398,13.51432,10.778409081401604,17.907519999999998,13.998166200588685,4.789906494792537
154_155,8,6,10.0,Real,Real,FIRE,5,4,False,False,False,0,0.0,2.021064803575655,2.2990957632362097,23.634986449080294,22.421784432152144,2.00832,2.750008623967915,2.3011999999999997,1.655139379297907,2.0113969215684286
154_316,8,11,13.0,Real,Real,FIRE,5,4,False,False,False,0,0.0,5.894262953495854,6.007297796434841,19.520125516691284,18.59854874929284,5.89944,5.981272023867177,6.02496,5.693235486230833,2.892169372480201
154_317,8,8,12.0,Real,Real,FIRE,5,5,False,False,True,1,-24.43,6.3580579856632085,1.327824357442978,24.337947382789014,18.79806492355028,6.35968,5.120607325432502,1.3388799999999996,-0.422386453015406,2.8800446269519204
155_316,6,11,15.0,Real,Real,FIRE,5,4,False,False,False,0,0.0,14.294158930361393,5.850563905919444,24.125849155952103,18.690332161424397,14.30928,11.84798058059755,5.8576000000000015,5.04595317579583,3.9386431234217087
155_317,6,8,8.0,Real,Real,FIRE,5,6,False,False,False,0,0.0,7.304401906218914,0.0006635239329852,23.834023485706496,18.0837667864599,7.322,6.3989457213887135,0.0,0.0782207939699901,1.2334275572181
155_365,6,7,8.0,Real,Real,FIRE,5,5,False,False,True,1,-27.21,8.765257774100633,0.425496516504154,22.37770064134667,24.87177568823282,8.74456,6.135399444287145,0.4184000000000001,0.0985430015207384,1.363154982522647
155_477,6,5,8.0,Real,Real,FIRE,5,3,False,False,False,0,0.0,16.859206733053497,1.156125996928381,22.30511848658019,12.182591287146153,16.861520000000002,14.73748767278687,1.171520000000001,2.1485912515329346,4.376555088411247
157_202,8,4,10.0,Real,Real,FIRE,5,3,True,False,True,1,-183.16,5.208018352140471,16.948694865286598,13.835707705516722,21.33132831801553,5.18816,6.436463547092444,16.9452,14.429448850763947,3.3518795846958813
158_202,3,4,4.0,Real,Real,FIRE,5,3,False,False,True,1,-105.6,7.524896996389089,14.028268577563608,9.847433814491438,17.802892684056907,7.5312,5.736511416092753,14.0164,11.718878777663347,4.085233947888715
167_196,3,3,4.0,Real,Real,LBFGS,5,3,False,True,True,1,-61.81,2.935268173599752,9.46530618614588,6.132776417349583,10.934378590354829,5.6484000000000005,2.3442418686681776,12.175440000000002,8.03246581612791,3.3716458547115407
169_239,11,8,15.0,Real,Real,FIRE,5,4,False,False,True,1,-13.81,13.229165183778605,10.886116451953058,11.369176020614114,13.622854946797302,13.22144,9.92166530427312,10.8784,8.435317222105368,4.523929306042637
169_242,11,9,15.0,Real,Real,FIRE,5,3,False,False,False,0,0.0,11.891775998167986,9.3880069275574,11.56531026561034,10.214267546493678,11.88256,10.113997437928449,9.37216,7.9306706419117745,4.838069439657043
169_294,11,4,12.0,Real,Real,FIRE,5,4,False,False,False,0,0.0,2.629476477024582,0.4852820294599951,11.006255152061811,9.35548852367484,2.63592,2.869735981886606,0.5020799999999999,0.6771273141218899,3.201496876151369
169_299,11,5,12.0,Real,Real,FIRE,5,4,True,False,True,1,-73.81,5.388165377835321,3.4733180161817927,11.006309202243315,8.993061859626721,5.39736,4.9419616531708925,3.47272,2.7218736611478107,3.1111020604348987
178_208,6,5,8.0,Real,Real,FIRE,5,4,False,False,True,1,-84.22,1.4983270875729886,1.8815217870959489,19.595958438589733,19.077658149530933,1.50624,1.308030847647501,1.8828,0.6756296368273524,3.215567103313143
178_278,6,7,10.0,Real,Real,FIRE,5,3,False,False,True,1,-184.19,9.543278305868624,12.73324686245519,20.359885923763457,20.785153245732268,9.53952,6.1149004059877825,12.71936,8.472060362169714,3.0070865057898493
178_349,6,7,10.0,Real,Real,FIRE,5,3,False,False,False,0,0.0,5.993796950794149,6.9985849142515235,20.104918694770426,20.0686280912534,5.9831199999999995,5.6940698706196144,6.987279999999999,5.123479069111454,3.2684401196534743
178_429,6,4,8.0,Real,Real,FIRE,5,3,False,False,True,1,-206.0,17.036957942504273,23.730050748172857,19.71749458684467,17.31876098397687,17.02888,12.128034337669192,23.723280000000003,17.474586958427267,3.8574207650993704
180_372,5,4,4.0,Real,Real,FIRE,5,2,True,False,True,1,-143.32,13.880620353399763,1.0911908392728265,23.75485175123352,9.467690607381757,13.89088,12.873504808515804,1.087839999999998,1.0061771492904654,1.91970970798562
201_262,6,4,6.0,Real,Real,FIRE,5,3,False,False,True,1,-108.66,3.5296047351733932,4.7111399407518775,12.185533727171546,11.650366174103889,3.51456,1.5488750251179226,4.6860800000000005,3.0155132753138787,1.8112222672458629
201_424,6,4,6.0,Real,Real,FIRE,5,2,False,False,True,1,-32.58,3.9557776200081207,7.352328439877283,12.185560982692628,14.828405884233138,3.9748,2.1896037700198576,7.363840000000001,6.478063194717606,2.9424606687985886
201_477,6,5,6.0,Real,Real,FIRE,5,2,False,True,True,1,-139.46,16.405453041518854,13.07474622251641,12.18558495905971,7.943339060285179,3.5564,15.759527531316962,0.2091999999999996,13.04211125759582,2.3306743239892835
202_318,4,10,10.0,Real,Real,FIRE,5,2,False,False,True,1,-169.63,16.916210710404357,4.96613165743247,22.181566502921616,14.457952360371255,16.90336,15.136935615470064,4.93712,5.666116213432133,3.6591158798029633
204_207,8,6,10.0,Real,Real,FIRE,5,3,False,False,True,1,-46.13,9.405290091300005,7.088477898123756,13.046985586394186,9.519864372819496,9.414,7.459400767317675,7.1128,3.670549488771712,3.1198821837214545
204_208,8,5,10.0,Real,Real,FIRE,5,3,False,False,True,1,-122.31,6.468155993747587,10.430208165256316,13.380855070848934,15.73422534131718,6.485200000000001,5.408530449593172,10.46,7.743192700769214,4.3626927676958
204_428,8,5,10.0,Real,Real,FIRE,5,3,False,False,False,0,0.0,8.63719569816817,2.7067598156281747,13.04770077083928,6.893790707338741,8.61904,7.597812758655209,2.67776,1.047207520152824,4.434173139770145
207_369,6,7,9.0,Real,Real,FIRE,5,2,True,False,True,1,-122.49,4.584859771272704,1.3448430469443338,10.200462604772865,8.963424863531195,4.6024,2.9258850856585923,1.3807200000000002,1.164970041034394,4.479116585783173
208_429,5,4,8.0,Real,Real,LBFGS,5,3,False,True,True,1,-195.49,17.379289268033517,21.6709149143428,17.461065693313373,22.224474993288624,23.179360000000003,17.230265888015765,27.48888,19.5868192693722,4.0981601601841895
250_349,6,7,9.0,Real,Real,FIRE,5,1,True,False,True,1,-70.07,4.971562773291453,4.5961697158520565,22.211926100815447,21.17441206119947,4.97896,2.7460051883317647,4.602399999999999,3.913670991187246,1.989978311295942
262_405,4,9,11.0,Real,Real,FIRE,5,4,True,False,True,1,-100.12,0.4275133579496923,12.428855416544366,10.12060944736714,17.664291726158467,0.4184,0.3979239730572317,12.426480000000002,10.47212277642234,4.714409030652733
262_424,4,4,6.0,Real,Real,FIRE,5,3,False,False,True,1,-6.66,7.263558617266881,9.385938917460862,11.52520992520016,14.517478462495369,7.28016,5.227667152329786,9.414,7.5327822524205885,4.208564104108441
268_274,9,6,10.0,Real,Real,FIRE,5,2,False,True,True,1,-146.64,4.801107638352505,-1.0387017936348002,25.29466684196474,25.86824005230344,10.92024,2.862595967760626,5.06264,-2.7913018088991066,2.594791523429029
271_337,9,8,12.0,Real,Real,FIRE,5,2,True,False,True,1,-121.96,18.05089302197439,6.541554036995876,29.913286265325866,20.66444535608035,18.03304,14.729320462050737,6.5270399999999995,4.68561434213575,3.6563792349534223
271_432,9,9,13.0,Real,Real,FIRE,5,3,False,True,False,0,0.0,14.67859022551579,8.835788662575169,30.144475362097054,25.461551814058744,27.94912,11.425123135294823,22.091520000000003,5.707925491702781,4.66081941338951
274_278,6,7,9.0,Real,Real,LBFGS,5,2,False,False,False,0,0.0,4.834955432948391,15.525847366746802,19.96775877256283,22.2088518378608,4.85344,3.383552777831028,15.56448,11.301129062631844,4.669938702285393
287_293,6,6,7.0,Real,Real,FIRE,5,2,False,False,True,1,-155.33,10.03644872664438,7.559205395404547,9.24899542639976,7.6802683162124445,10.0416,7.075646121666523,7.573040000000001,4.838084685427475,3.102230264308961
287_345,6,6,10.0,Real,Real,FIRE,5,2,True,False,True,1,-96.36,5.542056519484504,24.556829895476312,9.983361208450855,25.2703127783558,5.522880000000001,1.851102364350254,24.51824,17.64735405448664,4.034340195832489
287_449,6,10,11.0,Real,Real,FIRE,5,3,False,False,True,1,-79.27,9.361478512568963,22.94054434608279,10.450330829749394,24.13319801281743,9.37216,5.615467622039432,22.97016,18.719816801551815,3.3236340159817033
293_449,6,10,11.0,Real,Real,FIRE,5,3,False,False,True,1,-45.05,6.868599916307403,21.8770411979292,9.664667277454308,24.340117800605327,6.861759999999999,3.4750624007087936,21.88232,18.31011566208781,4.944295654038685
294_458,4,4,5.0,Real,Real,FIRE,5,3,False,False,True,1,-125.17,3.949640779242259,2.1493503001510135,8.390701959037965,6.27859392527011,3.93296,3.0345490092304317,2.13384,1.3892155400882302,2.5041488226825304
299_458,5,4,5.0,Real,Real,FIRE,5,3,False,False,True,1,-125.66,4.253554168924666,2.4434681227727424,8.310733004490244,6.283109475423102,4.26768,3.5705828538849573,2.46856,1.7859116475972314,2.579667046919979
316_317,11,8,14.0,Real,Real,FIRE,8,4,True,False,True,1,-123.27,11.726115708607496,10.158411033025232,19.15686989228855,18.177738682123618,11.7152,9.837173477938222,10.16712,6.753400083174938,3.881201600082064
316_365,11,7,13.0,Real,Real,FIRE,5,3,False,False,False,0,0.0,8.08455461753806,8.284442188095909,18.322604724124773,19.795651761133687,8.07512,6.894835547562934,8.28432,6.856590267259435,3.523900407756547
317_477,8,5,9.0,Real,Real,FIRE,5,3,False,False,True,1,-149.4,10.384735815946216,1.7711343042810768,16.05858534736336,9.51826524146271,10.37632,8.562848855340462,1.7572799999999995,0.7049712638208803,5.0425740265754415
337_432,8,9,9.0,Real,Real,FIRE,5,3,False,False,True,1,-230.84,26.46939826484868,31.906543554844575,20.651482869569342,24.804760064018055,26.484720000000003,21.483521254560173,31.923920000000003,25.301993283974525,1.914709397679314
